SourceSystem,EntityName,FieldName,LogicalType,TypeName,IsNullable
ProjectData,Affectations,AffectationCoût,decimal,Decimal.Type,VRAI
ProjectData,Affectations,AffectationCoûtRestant,decimal,Decimal.Type,FAUX
ProjectData,Affectations,AffectationDateDébut,date,DateTime.Type,VRAI
ProjectData,Affectations,AffectationDateDébutRéelle,date,DateTime.Type,VRAI
ProjectData,Affectations,AffectationDateFin,date,DateTime.Type,VRAI
ProjectData,Affectations,AffectationDateFinRéelle,date,DateTime.Type,VRAI
ProjectData,Affectations,AffectationDateModification,date,DateTime.Type,FAUX
ProjectData,Affectations,AffectationEstPubliée,bool,Logical.Type,FAUX
ProjectData,Affectations,AffectationEstSurutilisée,bool,Logical.Type,FAUX
ProjectData,Affectations,AffectationPourcentageTravailEffectué,int,Int16.Type,VRAI
ProjectData,Affectations,AffectationRessourcePlanTravail,decimal,Decimal.Type,FAUX
ProjectData,Affectations,AffectationTravail,decimal,Decimal.Type,VRAI
ProjectData,Affectations,AffectationTravailRestant,decimal,Decimal.Type,FAUX
ProjectData,Affectations,AffectationTravailRéel,decimal,Decimal.Type,VRAI
ProjectData,Affectations,AffectationType,int,Int32.Type,FAUX
ProjectData,Affectations,AffectationTypeRessource,int,Int16.Type,VRAI
ProjectData,Affectations,Afficherrapport_T,string,Text.Type,VRAI
ProjectData,Affectations,AssignmentAllUpdatesApplied,bool,Logical.Type,VRAI
ProjectData,Affectations,AssignmentUpdatesAppliedDate,date,DateTime.Type,VRAI
ProjectData,Affectations,CRTEAffectation,decimal,Decimal.Type,VRAI
ProjectData,Affectations,Catdepenses_R,string,Text.Type,VRAI
ProjectData,Affectations,CodelivrableGID_T,string,Text.Type,VRAI
ProjectData,Affectations,Commentaire_GPR_T,string,Text.Type,VRAI
ProjectData,Affectations,CompteurRévisionsCrééAffectation,int,Int32.Type,FAUX
ProjectData,Affectations,CompteurRévisionsModifiéAffectation,int,Int32.Type,FAUX
ProjectData,Affectations,Corpsemploi_R,string,Text.Type,VRAI
ProjectData,Affectations,CoûtBudgétaireAffectation,decimal,Decimal.Type,FAUX
ProjectData,Affectations,CoûtHeuresSupplémentairesAffectation,decimal,Decimal.Type,VRAI
ProjectData,Affectations,CoûtHeuresSupplémentairesRestantes,decimal,Decimal.Type,FAUX
ProjectData,Affectations,CoûtHeuresSupplémentairesRéellesAffectation,decimal,Decimal.Type,VRAI
ProjectData,Affectations,CoûtNormalAffectation,decimal,Decimal.Type,FAUX
ProjectData,Affectations,CoûtNormalRestantAffectation,decimal,Decimal.Type,FAUX
ProjectData,Affectations,CoûtNormalRéelAffectation,decimal,Decimal.Type,FAUX
ProjectData,Affectations,CoûtRéelAffectation,decimal,Decimal.Type,VRAI
ProjectData,Affectations,DateCréationAffectation,date,DateTime.Type,FAUX
ProjectData,Affectations,DateapprouvéeDGEI_T,date,DateTime.Type,VRAI
ProjectData,Affectations,DatedemandéeDGT_T,date,DateTime.Type,VRAI
ProjectData,Affectations,Dateoccupation_T,date,DateTime.Type,VRAI
ProjectData,Affectations,DernierPCatteinttache_T,decimal,Decimal.Type,VRAI
ProjectData,Affectations,DescriptionRéservationAffectation,string,Text.Type,VRAI
ProjectData,Affectations,DescriptionType,string,Text.Type,VRAI
ProjectData,Affectations,DonnéesChronologiques,other,Table.Type,FAUX
ProjectData,Affectations,DébutRéférenceFinRéférence,other,Table.Type,FAUX
ProjectData,Affectations,EDAffectation,decimal,Decimal.Type,VRAI
ProjectData,Affectations,EstPublic,bool,Logical.Type,FAUX
ProjectData,Affectations,HeuresSupplémentairesAffectation,decimal,Decimal.Type,VRAI
ProjectData,Affectations,HeuresSupplémentairesRestantesAffectation,decimal,Decimal.Type,FAUX
ProjectData,Affectations,HeuresSupplémentairesRéellesAffectation,decimal,Decimal.Type,VRAI
ProjectData,Affectations,IdAffectation,string,Text.Type,FAUX
ProjectData,Affectations,IdClasseFeuilleDeTemps,string,Text.Type,VRAI
ProjectData,Affectations,IdProjet,string,Text.Type,FAUX
ProjectData,Affectations,IdRessource,string,Text.Type,FAUX
ProjectData,Affectations,IdRéservationAffectation,int,Int32.Type,FAUX
ProjectData,Affectations,IdTâche,string,Text.Type,FAUX
ProjectData,Affectations,Indicateurtypetâche_T,string,Text.Type,VRAI
ProjectData,Affectations,Lots_T,bool,Logical.Type,VRAI
ProjectData,Affectations,NU_R,string,Text.Type,VRAI
ProjectData,Affectations,NodedossierAGI_T,string,Text.Type,VRAI
ProjectData,Affectations,Nodedossier_T,string,Text.Type,VRAI
ProjectData,Affectations,NomProjet,string,Text.Type,VRAI
ProjectData,Affectations,NomRessource,string,Text.Type,VRAI
ProjectData,Affectations,NomRéservationAffectation,string,Text.Type,VRAI
ProjectData,Affectations,NomType,string,Text.Type,VRAI
ProjectData,Affectations,NomTâche,string,Text.Type,VRAI
ProjectData,Affectations,Numerodelot_T,string,Text.Type,VRAI
ProjectData,Affectations,Prisedepossessionlégale_T,date,DateTime.Type,VRAI
ProjectData,Affectations,Projet,other,Record.Type,VRAI
ProjectData,Affectations,RBS_R,string,Text.Type,VRAI
ProjectData,Affectations,Ressource,other,Record.Type,VRAI
ProjectData,Affectations,RetardAffectation,decimal,Decimal.Type,VRAI
ProjectData,Affectations,Sante_T,string,Text.Type,VRAI
ProjectData,Affectations,Servicesderessources_R,string,Text.Type,VRAI
ProjectData,Affectations,Servicespublics_T,string,Text.Type,VRAI
ProjectData,Affectations,Statut_T,string,Text.Type,VRAI
ProjectData,Affectations,TravailBudgétaireAffectation,decimal,Decimal.Type,FAUX
ProjectData,Affectations,TravailMatériauAffectation,decimal,Decimal.Type,VRAI
ProjectData,Affectations,TravailMatériauBudgétaireAffectation,decimal,Decimal.Type,FAUX
ProjectData,Affectations,TravailNormalAffectation,decimal,Decimal.Type,FAUX
ProjectData,Affectations,TravailNormalRestantAffectation,decimal,Decimal.Type,FAUX
ProjectData,Affectations,TravailNormalRéelAffectation,decimal,Decimal.Type,FAUX
ProjectData,Affectations,TravailRéelMatériauAffectation,decimal,Decimal.Type,VRAI
ProjectData,Affectations,Typedecoût_R,string,Text.Type,VRAI
ProjectData,Affectations,Typeterrain_T,string,Text.Type,VRAI
ProjectData,Affectations,Tâche,other,Record.Type,VRAI
ProjectData,Affectations,TâcheEstActive,bool,Logical.Type,FAUX
ProjectData,Affectations,UA_R,string,Text.Type,VRAI
ProjectData,Affectations,UnitésPicAffectation,decimal,Decimal.Type,VRAI
ProjectData,Affectations,VAAAffectation,decimal,Decimal.Type,VRAI
ProjectData,Affectations,VAAffectation,decimal,Decimal.Type,VRAI
ProjectData,Affectations,VCAffectation,decimal,Decimal.Type,VRAI
ProjectData,Affectations,VPAffectation,decimal,Decimal.Type,VRAI
ProjectData,Affectations,VarianceCoûtAffectation,decimal,Decimal.Type,VRAI
ProjectData,Affectations,VarianceDébutAffectation,decimal,Decimal.Type,VRAI
ProjectData,Affectations,VarianceFinAffectation,decimal,Decimal.Type,VRAI
ProjectData,Affectations,VarianceTravailAffectation,decimal,Decimal.Type,VRAI
ProjectData,Affectations,WBSGPR_T,string,Text.Type,VRAI
ProjectData,Affectations,ÉcartPC0PC1_T,decimal,Decimal.Type,VRAI
ProjectData,Affectations,ÉcartPC0PC2_T,decimal,Decimal.Type,VRAI
ProjectData,Affectations,ÉcartPC0PC3_T,decimal,Decimal.Type,VRAI
ProjectData,Affectations,ÉcartPC0PC4_T,decimal,Decimal.Type,VRAI
ProjectData,Affectations,ÉcartPC0PC5_T,decimal,Decimal.Type,VRAI
ProjectData,Affectations,ÉcartPC0PC6_T,decimal,Decimal.Type,VRAI
ProjectData,Affectations,ÉcartPC0PC7_T,decimal,Decimal.Type,VRAI
ProjectData,Affectations,Étatdel’indicateur_T,bool,Logical.Type,VRAI
ProjectData,AnalysesPortefeuille,DateCréation,date,DateTime.Type,FAUX
ProjectData,AnalysesPortefeuille,DateDébutHorizonPlanification,date,DateTime.Type,VRAI
ProjectData,AnalysesPortefeuille,DateFinHorizonPlanification,date,DateTime.Type,VRAI
ProjectData,AnalysesPortefeuille,DateModification,date,DateTime.Type,FAUX
ProjectData,AnalysesPortefeuille,DescriptionAnalyse,string,Text.Type,VRAI
ProjectData,AnalysesPortefeuille,DéfinitionDePriorités,other,Record.Type,VRAI
ProjectData,AnalysesPortefeuille,FiltrerRessourcesParRBS,bool,Logical.Type,VRAI
ProjectData,AnalysesPortefeuille,FiltrerRessourcesParService,bool,Logical.Type,VRAI
ProjectData,AnalysesPortefeuille,IdAnalyse,string,Text.Type,FAUX
ProjectData,AnalysesPortefeuille,IdChampPersonnaliséAutreDateDébutProjet,string,Text.Type,VRAI
ProjectData,AnalysesPortefeuille,IdChampPersonnaliséAutreDateFinProjet,string,Text.Type,VRAI
ProjectData,AnalysesPortefeuille,IdChampPersonnaliséContrainteImpérative,string,Text.Type,FAUX
ProjectData,AnalysesPortefeuille,IdChampPersonnaliséRôle,string,Text.Type,VRAI
ProjectData,AnalysesPortefeuille,IdDéfinitionPriorités,string,Text.Type,VRAI
ProjectData,AnalysesPortefeuille,IdRessourceCréation,string,Text.Type,VRAI
ProjectData,AnalysesPortefeuille,IdRessourceModification,string,Text.Type,VRAI
ProjectData,AnalysesPortefeuille,IdService,string,Text.Type,VRAI
ProjectData,AnalysesPortefeuille,IdTableChoixAliasExcluDeForce,string,Text.Type,VRAI
ProjectData,AnalysesPortefeuille,IdTableChoixAliasInclusDeForce,string,Text.Type,VRAI
ProjectData,AnalysesPortefeuille,IdValeurFiltrerRessourcesParRBS,string,Text.Type,VRAI
ProjectData,AnalysesPortefeuille,ModifiéParRessource,other,Record.Type,VRAI
ProjectData,AnalysesPortefeuille,NomAnalyse,string,Text.Type,VRAI
ProjectData,AnalysesPortefeuille,NomChampPersonnaliséAutreDateDébutProjet,string,Text.Type,VRAI
ProjectData,AnalysesPortefeuille,NomChampPersonnaliséAutreDateFinProjet,string,Text.Type,VRAI
ProjectData,AnalysesPortefeuille,NomChampPersonnaliséContrainteImpérative,string,Text.Type,VRAI
ProjectData,AnalysesPortefeuille,NomChampPersonnaliséRôle,string,Text.Type,VRAI
ProjectData,AnalysesPortefeuille,NomDéfinitionPriorités,string,Text.Type,VRAI
ProjectData,AnalysesPortefeuille,NomRessourceCréation,string,Text.Type,VRAI
ProjectData,AnalysesPortefeuille,NomRessourceModification,string,Text.Type,VRAI
ProjectData,AnalysesPortefeuille,NomService,string,Text.Type,VRAI
ProjectData,AnalysesPortefeuille,NomTableChoixAliasExcluDeForce,string,Text.Type,VRAI
ProjectData,AnalysesPortefeuille,NomTableChoixAliasInclusForce,string,Text.Type,VRAI
ProjectData,AnalysesPortefeuille,ProjetsAnalyse,other,Table.Type,FAUX
ProjectData,AnalysesPortefeuille,RessourceCréation,other,Record.Type,VRAI
ProjectData,AnalysesPortefeuille,ScénariosContrainteCoût,other,Table.Type,FAUX
ProjectData,AnalysesPortefeuille,ScénariosContrainteRessource,other,Table.Type,FAUX
ProjectData,AnalysesPortefeuille,TexteValeurFiltrerRessourcesParRBS,string,Text.Type,VRAI
ProjectData,AnalysesPortefeuille,TypeAnalyse,int,Int32.Type,FAUX
ProjectData,AnalysesPortefeuille,TypeDéfinitionPriorités,int,Int32.Type,FAUX
ProjectData,AnalysesPortefeuille,TypeRéservation,other,Byte.Type,FAUX
ProjectData,AnalysesPortefeuille,UtiliserDatesProjetAlternativesPourPlansRessources,bool,Logical.Type,VRAI
ProjectData,AnalysesPortefeuille,ÉchelleTemps,other,Byte.Type,FAUX
ProjectData,AssociationsTâcheProblème,IDProjetApparenté,string,Text.Type,FAUX
ProjectData,AssociationsTâcheProblème,IdProblème,string,Text.Type,FAUX
ProjectData,AssociationsTâcheProblème,IdProjet,string,Text.Type,FAUX
ProjectData,AssociationsTâcheProblème,IdTâche,string,Text.Type,FAUX
ProjectData,AssociationsTâcheProblème,NomProjet,string,Text.Type,VRAI
ProjectData,AssociationsTâcheProblème,NomProjetApparenté,string,Text.Type,VRAI
ProjectData,AssociationsTâcheProblème,NomTâche,string,Text.Type,VRAI
ProjectData,AssociationsTâcheProblème,Problème,other,Record.Type,VRAI
ProjectData,AssociationsTâcheProblème,Projet,other,Record.Type,VRAI
ProjectData,AssociationsTâcheProblème,ProjetApparenté,other,Record.Type,VRAI
ProjectData,AssociationsTâcheProblème,Titre,string,Text.Type,VRAI
ProjectData,AssociationsTâcheProblème,TypeRelation,int,Int32.Type,FAUX
ProjectData,AssociationsTâcheProblème,Tâche,other,Record.Type,VRAI
ProjectData,AssociationsTâcheRisque,IDProjetApparenté,string,Text.Type,FAUX
ProjectData,AssociationsTâcheRisque,IdProjet,string,Text.Type,FAUX
ProjectData,AssociationsTâcheRisque,IdRisque,string,Text.Type,FAUX
ProjectData,AssociationsTâcheRisque,IdTâche,string,Text.Type,FAUX
ProjectData,AssociationsTâcheRisque,NomProjet,string,Text.Type,VRAI
ProjectData,AssociationsTâcheRisque,NomProjetApparenté,string,Text.Type,VRAI
ProjectData,AssociationsTâcheRisque,NomTâche,string,Text.Type,VRAI
ProjectData,AssociationsTâcheRisque,Projet,other,Record.Type,VRAI
ProjectData,AssociationsTâcheRisque,ProjetApparenté,other,Record.Type,VRAI
ProjectData,AssociationsTâcheRisque,Risque,other,Record.Type,VRAI
ProjectData,AssociationsTâcheRisque,Titre,string,Text.Type,VRAI
ProjectData,AssociationsTâcheRisque,TypeRelation,int,Int32.Type,FAUX
ProjectData,AssociationsTâcheRisque,Tâche,other,Record.Type,VRAI
ProjectData,AxesStratégiques,AxeStratégiqueEntrepriseEstActif,bool,Logical.Type,FAUX
ProjectData,AxesStratégiques,DateCréationAxeStratégiqueEntreprise,date,DateTime.Type,FAUX
ProjectData,AxesStratégiques,DateModificationAxeStratégiqueEntreprise,date,DateTime.Type,FAUX
ProjectData,AxesStratégiques,DescriptionAxeStratégiqueEntreprise,string,Text.Type,VRAI
ProjectData,AxesStratégiques,DescriptionImpactAucun,string,Text.Type,VRAI
ProjectData,AxesStratégiques,DescriptionImpactExtrême,string,Text.Type,VRAI
ProjectData,AxesStratégiques,DescriptionImpactFaible,string,Text.Type,VRAI
ProjectData,AxesStratégiques,DescriptionImpactFort,string,Text.Type,VRAI
ProjectData,AxesStratégiques,DescriptionImpactModéré,string,Text.Type,VRAI
ProjectData,AxesStratégiques,IdAxeStratégiqueEntreprise,string,Text.Type,FAUX
ProjectData,AxesStratégiques,IdRessourceCréation,string,Text.Type,VRAI
ProjectData,AxesStratégiques,IdRessourceModification,string,Text.Type,VRAI
ProjectData,AxesStratégiques,ModifiéParRessource,other,Record.Type,VRAI
ProjectData,AxesStratégiques,NomAxeStratégiqueEntreprise,string,Text.Type,VRAI
ProjectData,AxesStratégiques,NomRessourceCréation,string,Text.Type,VRAI
ProjectData,AxesStratégiques,NomRessourceModification,string,Text.Type,VRAI
ProjectData,AxesStratégiques,RessourceCréation,other,Record.Type,VRAI
ProjectData,AxesStratégiques,Services,other,Table.Type,FAUX
ProjectData,AxesStratégiquesDéfinitionPriorités,AxeStratégique,other,Record.Type,VRAI
ProjectData,AxesStratégiquesDéfinitionPriorités,DéfinitionDePriorités,other,Record.Type,VRAI
ProjectData,AxesStratégiquesDéfinitionPriorités,IdAxeStratégiqueEntreprise,string,Text.Type,FAUX
ProjectData,AxesStratégiquesDéfinitionPriorités,IdDéfinitionPriorités,string,Text.Type,FAUX
ProjectData,AxesStratégiquesDéfinitionPriorités,NomAxeStratégiqueEntreprise,string,Text.Type,VRAI
ProjectData,AxesStratégiquesDéfinitionPriorités,NomDéfinitionPriorités,string,Text.Type,VRAI
ProjectData,AxesStratégiquesDéfinitionPriorités,PrioritéAxeStratégiqueEntreprise,decimal,Double.Type,VRAI
ProjectData,ClassesFeuilleDeTemps,Description,string,Text.Type,VRAI
ProjectData,ClassesFeuilleDeTemps,IdClasseFeuilleDeTemps,string,Text.Type,FAUX
ProjectData,ClassesFeuilleDeTemps,IdService,string,Text.Type,FAUX
ProjectData,ClassesFeuilleDeTemps,LCID,int,Int32.Type,VRAI
ProjectData,ClassesFeuilleDeTemps,NomClasseFeuilleDeTemps,string,Text.Type,VRAI
ProjectData,ClassesFeuilleDeTemps,NomService,string,Text.Type,VRAI
ProjectData,ClassesFeuilleDeTemps,TypeClasseFeuilleDeTemps,other,Byte.Type,FAUX
ProjectData,CommentairesEngagements,DateCréationCommentaire,date,DateTime.Type,VRAI
ProjectData,CommentairesEngagements,Engagement,other,Record.Type,VRAI
ProjectData,CommentairesEngagements,IDAuteur,string,Text.Type,VRAI
ProjectData,CommentairesEngagements,IDCommentaire,string,Text.Type,FAUX
ProjectData,CommentairesEngagements,IDEngagement,string,Text.Type,FAUX
ProjectData,CommentairesEngagements,MessageCommentaire,string,Text.Type,VRAI
ProjectData,CommentairesEngagements,NomAuteur,string,Text.Type,VRAI
ProjectData,CommentairesEngagements,NomEngagement,string,Text.Type,VRAI
ProjectData,DéfinitionsDePriorités,AxesStratégiquesDéfinitionPriorités,other,Table.Type,FAUX
ProjectData,DéfinitionsDePriorités,DateCréationDéfinitionPriorités,date,DateTime.Type,FAUX
ProjectData,DéfinitionsDePriorités,DateModificationDéfinitionPriorités,date,DateTime.Type,FAUX
ProjectData,DéfinitionsDePriorités,DescriptionDéfinitionPriorités,string,Text.Type,VRAI
ProjectData,DéfinitionsDePriorités,DéfinitionPrioritésEstManuelle,bool,Logical.Type,FAUX
ProjectData,DéfinitionsDePriorités,IdDéfinitionPriorités,string,Text.Type,FAUX
ProjectData,DéfinitionsDePriorités,IdRessourceCréation,string,Text.Type,VRAI
ProjectData,DéfinitionsDePriorités,IdRessourceModification,string,Text.Type,VRAI
ProjectData,DéfinitionsDePriorités,IdService,string,Text.Type,VRAI
ProjectData,DéfinitionsDePriorités,ModifiéParRessource,other,Record.Type,VRAI
ProjectData,DéfinitionsDePriorités,NomDéfinitionPriorités,string,Text.Type,VRAI
ProjectData,DéfinitionsDePriorités,NomRessourceCréation,string,Text.Type,VRAI
ProjectData,DéfinitionsDePriorités,NomRessourceModification,string,Text.Type,VRAI
ProjectData,DéfinitionsDePriorités,NomService,string,Text.Type,VRAI
ProjectData,DéfinitionsDePriorités,RelationsAxeStratégiqueDéfinitionPriorités,other,Table.Type,FAUX
ProjectData,DéfinitionsDePriorités,RessourceCréation,other,Record.Type,VRAI
ProjectData,DéfinitionsDePriorités,TauxCohérence,decimal,Double.Type,VRAI
ProjectData,Engagements,Commentaire,other,Table.Type,FAUX
ProjectData,Engagements,DateCréationEngagement,date,DateTime.Type,VRAI
ProjectData,Engagements,DateDébutProposée,date,DateTime.Type,VRAI
ProjectData,Engagements,DateDébutValidée,date,DateTime.Type,VRAI
ProjectData,Engagements,DateFinProposée,date,DateTime.Type,VRAI
ProjectData,Engagements,DateFinValidée,date,DateTime.Type,VRAI
ProjectData,Engagements,DateModificationEngagement,date,DateTime.Type,VRAI
ProjectData,Engagements,DateRévisionEngagement,date,DateTime.Type,VRAI
ProjectData,Engagements,DateSoumissionEngagement,date,DateTime.Type,VRAI
ProjectData,Engagements,IDEngagement,string,Text.Type,FAUX
ProjectData,Engagements,IdProjet,string,Text.Type,FAUX
ProjectData,Engagements,IdRessource,string,Text.Type,FAUX
ProjectData,Engagements,IdRessourceModification,string,Text.Type,FAUX
ProjectData,Engagements,InfosChronologiques,other,Table.Type,FAUX
ProjectData,Engagements,NbMaxUnitésProposées,decimal,Decimal.Type,VRAI
ProjectData,Engagements,NbMaxUnitésValidées,decimal,Decimal.Type,VRAI
ProjectData,Engagements,NomEngagement,string,Text.Type,VRAI
ProjectData,Engagements,NomProjet,string,Text.Type,VRAI
ProjectData,Engagements,NomRessource,string,Text.Type,VRAI
ProjectData,Engagements,NomRessourceModification,string,Text.Type,VRAI
ProjectData,Engagements,RévisionParIDRessource,string,Text.Type,VRAI
ProjectData,Engagements,RévisionParNomRessource,string,Text.Type,VRAI
ProjectData,Engagements,SoumisParIDRessource,string,Text.Type,VRAI
ProjectData,Engagements,SoumisParNomRessource,string,Text.Type,VRAI
ProjectData,Engagements,TravailProposé,decimal,Decimal.Type,VRAI
ProjectData,Engagements,TravailValidé,decimal,Decimal.Type,VRAI
ProjectData,Engagements,ÉtatEngagement,other,Byte.Type,FAUX
ProjectData,FeuillesDeTemps,Commentaire,string,Text.Type,VRAI
ProjectData,FeuillesDeTemps,DateDébut,date,DateTime.Type,FAUX
ProjectData,FeuillesDeTemps,DateFin,date,DateTime.Type,FAUX
ProjectData,FeuillesDeTemps,DateModification,date,DateTime.Type,FAUX
ProjectData,FeuillesDeTemps,Description,string,Text.Type,VRAI
ProjectData,FeuillesDeTemps,DescriptionÉtat,string,Text.Type,VRAI
ProjectData,FeuillesDeTemps,IdFeuilleDeTemps,string,Text.Type,FAUX
ProjectData,FeuillesDeTemps,IdPropriétaireFeuilleDeTemps,string,Text.Type,FAUX
ProjectData,FeuillesDeTemps,IdPériode,string,Text.Type,FAUX
ProjectData,FeuillesDeTemps,IdÉtatFeuilleDeTemps,other,Byte.Type,FAUX
ProjectData,FeuillesDeTemps,IdÉtatPériode,other,Byte.Type,FAUX
ProjectData,FeuillesDeTemps,Lignes,other,Table.Type,FAUX
ProjectData,FeuillesDeTemps,NomFeuilleTemps,string,Text.Type,VRAI
ProjectData,FeuillesDeTemps,NomPériode,string,Text.Type,VRAI
ProjectData,FeuillesDeTemps,PropriétaireFeuilleDeTemps,string,Text.Type,VRAI
ProjectData,FeuillesDeTemps,Périodes,other,Record.Type,VRAI
ProjectData,HeureDéfinie,AnnéePériodeFiscale,int,Int32.Type,VRAI
ProjectData,HeureDéfinie,DateModificationPériodeFiscale,date,DateTime.Type,VRAI
ProjectData,HeureDéfinie,DébutPériodeFiscale,date,DateTime.Type,VRAI
ProjectData,HeureDéfinie,HeureJourDeLaSemaine,other,Byte.Type,FAUX
ProjectData,HeureDéfinie,HeureJourDuMois,other,Byte.Type,FAUX
ProjectData,HeureDéfinie,HeureMoisDeLAnnée,other,Byte.Type,FAUX
ProjectData,HeureDéfinie,HeureParJour,date,DateTime.Type,FAUX
ProjectData,HeureDéfinie,HeureSemaineDeLAnnée,other,Byte.Type,FAUX
ProjectData,HeureDéfinie,IDPériodeFiscale,string,Text.Type,VRAI
ProjectData,HeureDéfinie,NomPériodeFiscale,string,Text.Type,VRAI
ProjectData,HeureDéfinie,TempsTrimestre,other,Byte.Type,FAUX
ProjectData,HeureDéfinie,TrimestreFiscal,int,Int32.Type,VRAI
ProjectData,JeuDonnéesChronologiqueRéférenceTâche,CoûtBudgétaireRéférenceTâche,decimal,Decimal.Type,FAUX
ProjectData,JeuDonnéesChronologiqueRéférenceTâche,CoûtFixeRéférenceTâche,decimal,Decimal.Type,FAUX
ProjectData,JeuDonnéesChronologiqueRéférenceTâche,CoûtRéférenceTâche,decimal,Decimal.Type,FAUX
ProjectData,JeuDonnéesChronologiqueRéférenceTâche,Heure,other,Record.Type,VRAI
ProjectData,JeuDonnéesChronologiqueRéférenceTâche,HeureParJour,date,DateTime.Type,FAUX
ProjectData,JeuDonnéesChronologiqueRéférenceTâche,IDPériodeFiscale,string,Text.Type,VRAI
ProjectData,JeuDonnéesChronologiqueRéférenceTâche,IdProjet,string,Text.Type,FAUX
ProjectData,JeuDonnéesChronologiqueRéférenceTâche,IdTâche,string,Text.Type,FAUX
ProjectData,JeuDonnéesChronologiqueRéférenceTâche,NomProjet,string,Text.Type,VRAI
ProjectData,JeuDonnéesChronologiqueRéférenceTâche,NomTâche,string,Text.Type,VRAI
ProjectData,JeuDonnéesChronologiqueRéférenceTâche,NuméroPlanningDeRéférence,int,Int32.Type,FAUX
ProjectData,JeuDonnéesChronologiqueRéférenceTâche,PlanningsDeRéférenceTâche,other,Table.Type,FAUX
ProjectData,JeuDonnéesChronologiqueRéférenceTâche,Projet,other,Record.Type,VRAI
ProjectData,JeuDonnéesChronologiqueRéférenceTâche,TaskBaselineModifiedDate,date,DateTime.Type,VRAI
ProjectData,JeuDonnéesChronologiqueRéférenceTâche,TravailBudgétaireRéférenceTâche,decimal,Decimal.Type,FAUX
ProjectData,JeuDonnéesChronologiqueRéférenceTâche,TravailRéférenceTâche,decimal,Decimal.Type,FAUX
ProjectData,JeuDonnéesChronologiqueRéférenceTâche,Tâche,other,Record.Type,VRAI
ProjectData,JeuDonnéesChronologiquesAffectation,Affectation,other,Record.Type,VRAI
ProjectData,JeuDonnéesChronologiquesAffectation,AffectationCoût,decimal,Decimal.Type,VRAI
ProjectData,JeuDonnéesChronologiquesAffectation,AffectationCoûtRestant,decimal,Decimal.Type,FAUX
ProjectData,JeuDonnéesChronologiquesAffectation,AffectationDateModification,date,DateTime.Type,VRAI
ProjectData,JeuDonnéesChronologiquesAffectation,AffectationRessourcePlanTravail,decimal,Decimal.Type,FAUX
ProjectData,JeuDonnéesChronologiquesAffectation,AffectationTravail,decimal,Decimal.Type,VRAI
ProjectData,JeuDonnéesChronologiquesAffectation,AffectationTravailRestant,decimal,Decimal.Type,FAUX
ProjectData,JeuDonnéesChronologiquesAffectation,AffectationTravailRéel,decimal,Decimal.Type,VRAI
ProjectData,JeuDonnéesChronologiquesAffectation,CoûtBudgétaireAffectation,decimal,Decimal.Type,FAUX
ProjectData,JeuDonnéesChronologiquesAffectation,CoûtHeuresSupplémentairesAffectation,decimal,Decimal.Type,VRAI
ProjectData,JeuDonnéesChronologiquesAffectation,CoûtHeuresSupplémentairesRestantes,decimal,Decimal.Type,FAUX
ProjectData,JeuDonnéesChronologiquesAffectation,CoûtHeuresSupplémentairesRéellesAffectation,decimal,Decimal.Type,VRAI
ProjectData,JeuDonnéesChronologiquesAffectation,CoûtNormalAffectation,decimal,Decimal.Type,FAUX
ProjectData,JeuDonnéesChronologiquesAffectation,CoûtNormalRestantAffectation,decimal,Decimal.Type,FAUX
ProjectData,JeuDonnéesChronologiquesAffectation,CoûtNormalRéelAffectation,decimal,Decimal.Type,FAUX
ProjectData,JeuDonnéesChronologiquesAffectation,CoûtRéelAffectation,decimal,Decimal.Type,VRAI
ProjectData,JeuDonnéesChronologiquesAffectation,Heure,other,Record.Type,VRAI
ProjectData,JeuDonnéesChronologiquesAffectation,HeureParJour,date,DateTime.Type,FAUX
ProjectData,JeuDonnéesChronologiquesAffectation,HeuresSupplémentairesAffectation,decimal,Decimal.Type,VRAI
ProjectData,JeuDonnéesChronologiquesAffectation,HeuresSupplémentairesRestantesAffectation,decimal,Decimal.Type,FAUX
ProjectData,JeuDonnéesChronologiquesAffectation,HeuresSupplémentairesRéellesAffectation,decimal,Decimal.Type,VRAI
ProjectData,JeuDonnéesChronologiquesAffectation,IDPériodeFiscale,string,Text.Type,VRAI
ProjectData,JeuDonnéesChronologiquesAffectation,IdAffectation,string,Text.Type,FAUX
ProjectData,JeuDonnéesChronologiquesAffectation,IdProjet,string,Text.Type,FAUX
ProjectData,JeuDonnéesChronologiquesAffectation,IdRessource,string,Text.Type,FAUX
ProjectData,JeuDonnéesChronologiquesAffectation,IdTâche,string,Text.Type,FAUX
ProjectData,JeuDonnéesChronologiquesAffectation,NomProjet,string,Text.Type,VRAI
ProjectData,JeuDonnéesChronologiquesAffectation,NomTâche,string,Text.Type,VRAI
ProjectData,JeuDonnéesChronologiquesAffectation,Projet,other,Record.Type,VRAI
ProjectData,JeuDonnéesChronologiquesAffectation,TravailBudgétaireAffectation,decimal,Decimal.Type,FAUX
ProjectData,JeuDonnéesChronologiquesAffectation,TravailCombinéAffectation,decimal,Decimal.Type,FAUX
ProjectData,JeuDonnéesChronologiquesAffectation,TravailMatériauAffectation,decimal,Decimal.Type,VRAI
ProjectData,JeuDonnéesChronologiquesAffectation,TravailMatériauBudgétaireAffectation,decimal,Decimal.Type,FAUX
ProjectData,JeuDonnéesChronologiquesAffectation,TravailNormalAffectation,decimal,Decimal.Type,FAUX
ProjectData,JeuDonnéesChronologiquesAffectation,TravailNormalRestantAffectation,decimal,Decimal.Type,FAUX
ProjectData,JeuDonnéesChronologiquesAffectation,TravailNormalRéelAffectation,decimal,Decimal.Type,FAUX
ProjectData,JeuDonnéesChronologiquesAffectation,TravailRéelMatériauAffectation,decimal,Decimal.Type,VRAI
ProjectData,JeuDonnéesChronologiquesAffectation,Tâche,other,Record.Type,VRAI
ProjectData,JeuDonnéesChronologiquesAffectation,TâcheEstActive,bool,Logical.Type,FAUX
ProjectData,JeuDonnéesChronologiquesEngagements,DateModificationEngagement,date,DateTime.Type,VRAI
ProjectData,JeuDonnéesChronologiquesEngagements,Engagement,other,Record.Type,VRAI
ProjectData,JeuDonnéesChronologiquesEngagements,HeureParJour,date,DateTime.Type,FAUX
ProjectData,JeuDonnéesChronologiquesEngagements,IDEngagement,string,Text.Type,FAUX
ProjectData,JeuDonnéesChronologiquesEngagements,IdProjet,string,Text.Type,FAUX
ProjectData,JeuDonnéesChronologiquesEngagements,IdRessource,string,Text.Type,FAUX
ProjectData,JeuDonnéesChronologiquesEngagements,NbMaxUnitésProposées,decimal,Decimal.Type,VRAI
ProjectData,JeuDonnéesChronologiquesEngagements,NbMaxUnitésValidées,decimal,Decimal.Type,VRAI
ProjectData,JeuDonnéesChronologiquesEngagements,NomEngagement,string,Text.Type,VRAI
ProjectData,JeuDonnéesChronologiquesEngagements,NomProjet,string,Text.Type,VRAI
ProjectData,JeuDonnéesChronologiquesEngagements,NomRessource,string,Text.Type,VRAI
ProjectData,JeuDonnéesChronologiquesEngagements,TravailProposé,decimal,Decimal.Type,VRAI
ProjectData,JeuDonnéesChronologiquesEngagements,TravailValidé,decimal,Decimal.Type,VRAI
ProjectData,JeuDonnéesChronologiquesRessource,Capacité,decimal,Decimal.Type,FAUX
ProjectData,JeuDonnéesChronologiquesRessource,CapacitéBase,decimal,Decimal.Type,FAUX
ProjectData,JeuDonnéesChronologiquesRessource,DateModificationRessource,date,DateTime.Type,FAUX
ProjectData,JeuDonnéesChronologiquesRessource,Heure,other,Record.Type,VRAI
ProjectData,JeuDonnéesChronologiquesRessource,HeureParJour,date,DateTime.Type,FAUX
ProjectData,JeuDonnéesChronologiquesRessource,IDPériodeFiscale,string,Text.Type,VRAI
ProjectData,JeuDonnéesChronologiquesRessource,IdRessource,string,Text.Type,FAUX
ProjectData,JeuDonnéesChronologiquesRessource,NomRessource,string,Text.Type,VRAI
ProjectData,JeuDonnéesChronologiquesRessource,Ressource,other,Record.Type,VRAI
ProjectData,JeuDonnéesChronologiquesRéférenceAffectation,Affectation,other,Record.Type,VRAI
ProjectData,JeuDonnéesChronologiquesRéférenceAffectation,AssignmentBaselineModifiedDate,date,DateTime.Type,VRAI
ProjectData,JeuDonnéesChronologiquesRéférenceAffectation,CoûtBudgétaireRéférenceAffectation,decimal,Decimal.Type,FAUX
ProjectData,JeuDonnéesChronologiquesRéférenceAffectation,CoûtRéférenceAffectation,decimal,Decimal.Type,FAUX
ProjectData,JeuDonnéesChronologiquesRéférenceAffectation,DébutRéférenceFinRéférence,other,Record.Type,VRAI
ProjectData,JeuDonnéesChronologiquesRéférenceAffectation,Heure,other,Record.Type,VRAI
ProjectData,JeuDonnéesChronologiquesRéférenceAffectation,HeureParJour,date,DateTime.Type,FAUX
ProjectData,JeuDonnéesChronologiquesRéférenceAffectation,IDPériodeFiscale,string,Text.Type,VRAI
ProjectData,JeuDonnéesChronologiquesRéférenceAffectation,IdAffectation,string,Text.Type,FAUX
ProjectData,JeuDonnéesChronologiquesRéférenceAffectation,IdProjet,string,Text.Type,FAUX
ProjectData,JeuDonnéesChronologiquesRéférenceAffectation,IdRessource,string,Text.Type,VRAI
ProjectData,JeuDonnéesChronologiquesRéférenceAffectation,IdTâche,string,Text.Type,FAUX
ProjectData,JeuDonnéesChronologiquesRéférenceAffectation,NomProjet,string,Text.Type,VRAI
ProjectData,JeuDonnéesChronologiquesRéférenceAffectation,NomTâche,string,Text.Type,VRAI
ProjectData,JeuDonnéesChronologiquesRéférenceAffectation,NuméroPlanningDeRéférence,int,Int32.Type,FAUX
ProjectData,JeuDonnéesChronologiquesRéférenceAffectation,Projet,other,Record.Type,VRAI
ProjectData,JeuDonnéesChronologiquesRéférenceAffectation,TravailBudgétaireRéférenceAffectation,decimal,Decimal.Type,FAUX
ProjectData,JeuDonnéesChronologiquesRéférenceAffectation,TravailMatériauBudgétaireRéférenceAffectation,decimal,Decimal.Type,FAUX
ProjectData,JeuDonnéesChronologiquesRéférenceAffectation,TravailMatériauRéférenceAffectation,decimal,Decimal.Type,FAUX
ProjectData,JeuDonnéesChronologiquesRéférenceAffectation,TravailRéférenceAffectation,decimal,Decimal.Type,FAUX
ProjectData,JeuDonnéesChronologiquesRéférenceAffectation,Tâches,other,Record.Type,VRAI
ProjectData,JeuDonnéesChronologiquesTâche,CoûtBudgétaireTâche,decimal,Decimal.Type,VRAI
ProjectData,JeuDonnéesChronologiquesTâche,CoûtRéelTâche,decimal,Decimal.Type,VRAI
ProjectData,JeuDonnéesChronologiquesTâche,CoûtTâche,decimal,Decimal.Type,VRAI
ProjectData,JeuDonnéesChronologiquesTâche,DateModificationTâche,date,DateTime.Type,VRAI
ProjectData,JeuDonnéesChronologiquesTâche,Heure,other,Record.Type,VRAI
ProjectData,JeuDonnéesChronologiquesTâche,HeureParJour,date,DateTime.Type,FAUX
ProjectData,JeuDonnéesChronologiquesTâche,IDPériodeFiscale,string,Text.Type,VRAI
ProjectData,JeuDonnéesChronologiquesTâche,IdProjet,string,Text.Type,FAUX
ProjectData,JeuDonnéesChronologiquesTâche,IdTâche,string,Text.Type,FAUX
ProjectData,JeuDonnéesChronologiquesTâche,NomProjet,string,Text.Type,VRAI
ProjectData,JeuDonnéesChronologiquesTâche,NomTâche,string,Text.Type,VRAI
ProjectData,JeuDonnéesChronologiquesTâche,Projet,other,Record.Type,VRAI
ProjectData,JeuDonnéesChronologiquesTâche,TravailBudgétaireTâche,decimal,Decimal.Type,VRAI
ProjectData,JeuDonnéesChronologiquesTâche,TravailHeuresSupplémentairesTâche,decimal,Decimal.Type,VRAI
ProjectData,JeuDonnéesChronologiquesTâche,TravailPlanRessourcesTâche,decimal,Decimal.Type,VRAI
ProjectData,JeuDonnéesChronologiquesTâche,TravailRéelTâche,decimal,Decimal.Type,VRAI
ProjectData,JeuDonnéesChronologiquesTâche,TravailTâche,decimal,Decimal.Type,VRAI
ProjectData,JeuDonnéesChronologiquesTâche,Tâche,other,Record.Type,VRAI
ProjectData,JeuDonnéesChronologiquesTâche,TâcheEstActive,bool,Logical.Type,FAUX
ProjectData,JeuDonnéesChronologiquesTâche,TâcheRécapitulativeProjet,bool,Logical.Type,VRAI
ProjectData,JeuDonnéesRéellesLigneFeuilleDeTemps,Commentaire,string,Text.Type,VRAI
ProjectData,JeuDonnéesRéellesLigneFeuilleDeTemps,DateCréation,date,DateTime.Type,FAUX
ProjectData,JeuDonnéesRéellesLigneFeuilleDeTemps,DernièreModificationParRessource,other,Record.Type,VRAI
ProjectData,JeuDonnéesRéellesLigneFeuilleDeTemps,Heure,other,Record.Type,VRAI
ProjectData,JeuDonnéesRéellesLigneFeuilleDeTemps,HeureParJour,date,DateTime.Type,FAUX
ProjectData,JeuDonnéesRéellesLigneFeuilleDeTemps,HeureParJour_JourDeLaSemaine,other,Byte.Type,FAUX
ProjectData,JeuDonnéesRéellesLigneFeuilleDeTemps,HeureParJour_JourDuMois,other,Byte.Type,FAUX
ProjectData,JeuDonnéesRéellesLigneFeuilleDeTemps,IdLigneFeuilleDeTemps,string,Text.Type,FAUX
ProjectData,JeuDonnéesRéellesLigneFeuilleDeTemps,IndexAjustement,int,Int32.Type,FAUX
ProjectData,JeuDonnéesRéellesLigneFeuilleDeTemps,LigneFeuilleDeTemps,other,Record.Type,VRAI
ProjectData,JeuDonnéesRéellesLigneFeuilleDeTemps,NomRessource,string,Text.Type,VRAI
ProjectData,JeuDonnéesRéellesLigneFeuilleDeTemps,NomRessourceDernièreModification,string,Text.Type,VRAI
ProjectData,JeuDonnéesRéellesLigneFeuilleDeTemps,TimesheetLineModifiedDate,date,DateTime.Type,FAUX
ProjectData,JeuDonnéesRéellesLigneFeuilleDeTemps,TravailHeuresSupplémentairesRéelFacturable,decimal,Decimal.Type,FAUX
ProjectData,JeuDonnéesRéellesLigneFeuilleDeTemps,TravailHeuresSupplémentairesRéelNonFacturable,decimal,Decimal.Type,FAUX
ProjectData,JeuDonnéesRéellesLigneFeuilleDeTemps,TravailPrévu,decimal,Decimal.Type,FAUX
ProjectData,JeuDonnéesRéellesLigneFeuilleDeTemps,TravailRéelFacturable,decimal,Decimal.Type,FAUX
ProjectData,JeuDonnéesRéellesLigneFeuilleDeTemps,TravailRéelNonFacturable,decimal,Decimal.Type,FAUX
ProjectData,JeuDonnéesÉtapeFluxDeTravailProjet,DateDernierEnvoiÉtape,date,DateTime.Type,VRAI
ProjectData,JeuDonnéesÉtapeFluxDeTravailProjet,DateDernièreModification,date,DateTime.Type,VRAI
ProjectData,JeuDonnéesÉtapeFluxDeTravailProjet,DateEntréeÉtape,date,DateTime.Type,VRAI
ProjectData,JeuDonnéesÉtapeFluxDeTravailProjet,DateFinÉtape,date,DateTime.Type,VRAI
ProjectData,JeuDonnéesÉtapeFluxDeTravailProjet,DescriptionPhase,string,Text.Type,VRAI
ProjectData,JeuDonnéesÉtapeFluxDeTravailProjet,DescriptionÉtape,string,Text.Type,VRAI
ProjectData,JeuDonnéesÉtapeFluxDeTravailProjet,DescriptionÉtatÉtape,string,Text.Type,VRAI
ProjectData,JeuDonnéesÉtapeFluxDeTravailProjet,IdProjet,string,Text.Type,FAUX
ProjectData,JeuDonnéesÉtapeFluxDeTravailProjet,IdÉtape,string,Text.Type,FAUX
ProjectData,JeuDonnéesÉtapeFluxDeTravailProjet,InformationsÉtape,string,Text.Type,VRAI
ProjectData,JeuDonnéesÉtapeFluxDeTravailProjet,LCID,int,Int32.Type,FAUX
ProjectData,JeuDonnéesÉtapeFluxDeTravailProjet,NomPhase,string,Text.Type,VRAI
ProjectData,JeuDonnéesÉtapeFluxDeTravailProjet,NomProjet,string,Text.Type,VRAI
ProjectData,JeuDonnéesÉtapeFluxDeTravailProjet,NomÉtape,string,Text.Type,VRAI
ProjectData,JeuDonnéesÉtapeFluxDeTravailProjet,OrdreÉtape,int,Int32.Type,FAUX
ProjectData,JeuDonnéesÉtapeFluxDeTravailProjet,Projet,other,Record.Type,VRAI
ProjectData,JeuDonnéesÉtapeFluxDeTravailProjet,ÉtatÉtape,int,Int32.Type,FAUX
ProjectData,LignesFeuilleDeTemps,ChiffresRéels,other,Table.Type,FAUX
ProjectData,LignesFeuilleDeTemps,ClasseFeuilleDeTemps,other,Record.Type,VRAI
ProjectData,LignesFeuilleDeTemps,CommentaireLigneFeuilleDeTemps,string,Text.Type,VRAI
ProjectData,LignesFeuilleDeTemps,DateCréation,date,DateTime.Type,VRAI
ProjectData,LignesFeuilleDeTemps,DateDébutPériode,date,DateTime.Type,FAUX
ProjectData,LignesFeuilleDeTemps,DateFinPériode,date,DateTime.Type,FAUX
ProjectData,LignesFeuilleDeTemps,DateModification,date,DateTime.Type,VRAI
ProjectData,LignesFeuilleDeTemps,DernierTravailEnregistré,decimal,Decimal.Type,VRAI
ProjectData,LignesFeuilleDeTemps,DescriptionClasseFeuilleDeTemps,string,Text.Type,VRAI
ProjectData,LignesFeuilleDeTemps,FeuilleDeTemps,other,Record.Type,VRAI
ProjectData,LignesFeuilleDeTemps,HiérarchieTâches,string,Text.Type,VRAI
ProjectData,LignesFeuilleDeTemps,IdAffectation,string,Text.Type,FAUX
ProjectData,LignesFeuilleDeTemps,IdClasseFeuilleDeTemps,string,Text.Type,FAUX
ProjectData,LignesFeuilleDeTemps,IdFeuilleDeTemps,string,Text.Type,FAUX
ProjectData,LignesFeuilleDeTemps,IdLigneFeuilleDeTemps,string,Text.Type,FAUX
ProjectData,LignesFeuilleDeTemps,IdProjet,string,Text.Type,FAUX
ProjectData,LignesFeuilleDeTemps,IdPropriétaireFeuilleDeTemps,string,Text.Type,FAUX
ProjectData,LignesFeuilleDeTemps,IdPériodeFeuilleDeTemps,string,Text.Type,FAUX
ProjectData,LignesFeuilleDeTemps,IdRessourceApprobateurFeuilleDeTemps,string,Text.Type,VRAI
ProjectData,LignesFeuilleDeTemps,IdTâche,string,Text.Type,FAUX
ProjectData,LignesFeuilleDeTemps,IdÉtatFeuilleDeTemps,other,Byte.Type,FAUX
ProjectData,LignesFeuilleDeTemps,IdÉtatLigneFeuilleDeTemps,other,Byte.Type,VRAI
ProjectData,LignesFeuilleDeTemps,IdÉtatPériodeFeuilleDeTemps,other,Byte.Type,FAUX
ProjectData,LignesFeuilleDeTemps,LCID,int,Int32.Type,FAUX
ProjectData,LignesFeuilleDeTemps,NomClasseFeuilleDeTemps,string,Text.Type,VRAI
ProjectData,LignesFeuilleDeTemps,NomFeuilleTemps,string,Text.Type,VRAI
ProjectData,LignesFeuilleDeTemps,NomProjet,string,Text.Type,VRAI
ProjectData,LignesFeuilleDeTemps,NomPériodeFeuilleDeTemps,string,Text.Type,VRAI
ProjectData,LignesFeuilleDeTemps,NomRessourceApprobateurFeuilleDeTemps,string,Text.Type,VRAI
ProjectData,LignesFeuilleDeTemps,NomTâche,string,Text.Type,VRAI
ProjectData,LignesFeuilleDeTemps,PropriétaireFeuilleDeTemps,string,Text.Type,VRAI
ProjectData,LignesFeuilleDeTemps,RessourceApprobateur,other,Record.Type,VRAI
ProjectData,LignesFeuilleDeTemps,TravailHeuresSupplémentairesRéelFacturable,decimal,Decimal.Type,VRAI
ProjectData,LignesFeuilleDeTemps,TravailHeuresSupplémentairesRéelNonFacturable,decimal,Decimal.Type,VRAI
ProjectData,LignesFeuilleDeTemps,TravailPrévu,decimal,Decimal.Type,VRAI
ProjectData,LignesFeuilleDeTemps,TravailRéelFacturable,decimal,Decimal.Type,VRAI
ProjectData,LignesFeuilleDeTemps,TravailRéelNonFacturable,decimal,Decimal.Type,VRAI
ProjectData,LignesFeuilleDeTemps,TypeClasseFeuilleDeTemps,other,Byte.Type,FAUX
ProjectData,LignesFeuilleDeTemps,ÉtatFeuilleDeTemps,string,Text.Type,VRAI
ProjectData,LignesFeuilleDeTemps,ÉtatLigneFeuilleDeTemps,string,Text.Type,VRAI
ProjectData,LignesFeuilleDeTemps,ÉtatPériodeFeuilleDeTemps,string,Text.Type,VRAI
ProjectData,Livrables,CheminURLRelativeÉlément,string,Text.Type,VRAI
ProjectData,Livrables,CréerParRessource,string,Text.Type,VRAI
ProjectData,Livrables,DateCréation,date,DateTime.Type,VRAI
ProjectData,Livrables,DateDébut,date,DateTime.Type,VRAI
ProjectData,Livrables,DateModification,date,DateTime.Type,VRAI
ProjectData,Livrables,DependantTasks,other,Table.Type,FAUX
ProjectData,Livrables,Description,string,Text.Type,VRAI
ProjectData,Livrables,EstUnDossier,bool,Logical.Type,FAUX
ProjectData,Livrables,FinishDate,date,DateTime.Type,VRAI
ProjectData,Livrables,IdLivrable,string,Text.Type,FAUX
ProjectData,Livrables,IdProjet,string,Text.Type,FAUX
ProjectData,Livrables,ModifiéParRessource,string,Text.Type,VRAI
ProjectData,Livrables,NomProjet,string,Text.Type,VRAI
ProjectData,Livrables,Projet,other,Record.Type,VRAI
ProjectData,Livrables,ProjetsDépendants,other,Table.Type,FAUX
ProjectData,Livrables,ProjetsParents,other,Table.Type,FAUX
ProjectData,Livrables,Titre,string,Text.Type,VRAI
ProjectData,Livrables,TâchesParentes,other,Table.Type,FAUX
ProjectData,PlanningsDeRéférenceProjet,ChaîneDateDébutRéférenceProjet,string,Text.Type,VRAI
ProjectData,PlanningsDeRéférenceProjet,ChaîneDateFinRéférenceProjet,string,Text.Type,VRAI
ProjectData,PlanningsDeRéférenceProjet,ChaîneDuréeRéférenceProjet,string,Text.Type,VRAI
ProjectData,PlanningsDeRéférenceProjet,CoûtBudgétaireRéférenceProjet,decimal,Decimal.Type,FAUX
ProjectData,PlanningsDeRéférenceProjet,CoûtFixeRéférenceProjet,decimal,Decimal.Type,FAUX
ProjectData,PlanningsDeRéférenceProjet,CoûtRéférenceProjet,decimal,Decimal.Type,FAUX
ProjectData,PlanningsDeRéférenceProjet,DateDébutLivrableRéférenceProjet,date,DateTime.Type,VRAI
ProjectData,PlanningsDeRéférenceProjet,DateDébutRéférenceProjet,date,DateTime.Type,VRAI
ProjectData,PlanningsDeRéférenceProjet,DateFinLivrableRéférenceProjet,date,DateTime.Type,VRAI
ProjectData,PlanningsDeRéférenceProjet,DateFinRéférenceProjet,date,DateTime.Type,VRAI
ProjectData,PlanningsDeRéférenceProjet,DuréeRéférenceProjet,decimal,Decimal.Type,FAUX
ProjectData,PlanningsDeRéférenceProjet,IdProjet,string,Text.Type,FAUX
ProjectData,PlanningsDeRéférenceProjet,IdTâche,string,Text.Type,FAUX
ProjectData,PlanningsDeRéférenceProjet,NomProjet,string,Text.Type,VRAI
ProjectData,PlanningsDeRéférenceProjet,NuméroPlanningDeRéférence,int,Int32.Type,FAUX
ProjectData,PlanningsDeRéférenceProjet,ProjectBaselineModifiedDate,date,DateTime.Type,FAUX
ProjectData,PlanningsDeRéférenceProjet,Projet,other,Record.Type,VRAI
ProjectData,PlanningsDeRéférenceProjet,TravailBudgétaireRéférenceProjet,decimal,Decimal.Type,FAUX
ProjectData,PlanningsDeRéférenceProjet,TravailRéférenceProjet,decimal,Decimal.Type,FAUX
ProjectData,PlanningsDeRéférenceTâche,ChaîneDateDébutRéférenceTâche,string,Text.Type,VRAI
ProjectData,PlanningsDeRéférenceTâche,ChaîneDateFinRéférenceTâche,string,Text.Type,VRAI
ProjectData,PlanningsDeRéférenceTâche,ChaîneDuréeRéférenceTâche,string,Text.Type,VRAI
ProjectData,PlanningsDeRéférenceTâche,CoûtBudgétaireRéférenceTâche,decimal,Decimal.Type,FAUX
ProjectData,PlanningsDeRéférenceTâche,CoûtFixeRéférenceTâche,decimal,Decimal.Type,FAUX
ProjectData,PlanningsDeRéférenceTâche,CoûtRéférenceTâche,decimal,Decimal.Type,FAUX
ProjectData,PlanningsDeRéférenceTâche,DateDébutLivrableRéférenceTâche,date,DateTime.Type,VRAI
ProjectData,PlanningsDeRéférenceTâche,DateDébutRéférenceTâche,date,DateTime.Type,VRAI
ProjectData,PlanningsDeRéférenceTâche,DateFinLivrableRéférenceTâche,date,DateTime.Type,VRAI
ProjectData,PlanningsDeRéférenceTâche,DateFinRéférenceTâche,date,DateTime.Type,VRAI
ProjectData,PlanningsDeRéférenceTâche,DuréeRéférenceTâche,decimal,Decimal.Type,FAUX
ProjectData,PlanningsDeRéférenceTâche,IdProjet,string,Text.Type,FAUX
ProjectData,PlanningsDeRéférenceTâche,IdTâche,string,Text.Type,FAUX
ProjectData,PlanningsDeRéférenceTâche,JeuDonnéesChronologiqueRéférenceTâche,other,Table.Type,FAUX
ProjectData,PlanningsDeRéférenceTâche,NomProjet,string,Text.Type,VRAI
ProjectData,PlanningsDeRéférenceTâche,NomTâche,string,Text.Type,VRAI
ProjectData,PlanningsDeRéférenceTâche,NuméroPlanningDeRéférence,int,Int32.Type,FAUX
ProjectData,PlanningsDeRéférenceTâche,Projet,other,Record.Type,VRAI
ProjectData,PlanningsDeRéférenceTâche,TaskBaselineModifiedDate,date,DateTime.Type,FAUX
ProjectData,PlanningsDeRéférenceTâche,TravailBudgétaireRéférenceTâche,decimal,Decimal.Type,FAUX
ProjectData,PlanningsDeRéférenceTâche,TravailRéférenceTâche,decimal,Decimal.Type,FAUX
ProjectData,PlanningsDeRéférenceTâche,Tâche,other,Record.Type,VRAI
ProjectData,PlanningsRéférenceAffectation,Affectation,other,Record.Type,VRAI
ProjectData,PlanningsRéférenceAffectation,AffectationType,int,Int32.Type,FAUX
ProjectData,PlanningsRéférenceAffectation,AssignmentBaselineModifiedDate,date,DateTime.Type,FAUX
ProjectData,PlanningsRéférenceAffectation,CoûtBudgétaireRéférenceAffectation,decimal,Decimal.Type,FAUX
ProjectData,PlanningsRéférenceAffectation,CoûtRéférenceAffectation,decimal,Decimal.Type,FAUX
ProjectData,PlanningsRéférenceAffectation,DateDébutRéférenceAffectation,date,DateTime.Type,VRAI
ProjectData,PlanningsRéférenceAffectation,DateFinRéférenceAffectation,date,DateTime.Type,VRAI
ProjectData,PlanningsRéférenceAffectation,IdAffectation,string,Text.Type,FAUX
ProjectData,PlanningsRéférenceAffectation,IdProjet,string,Text.Type,FAUX
ProjectData,PlanningsRéférenceAffectation,IdTâche,string,Text.Type,FAUX
ProjectData,PlanningsRéférenceAffectation,JeuDonnéesChronologiquesRéférenceAffectation,other,Table.Type,FAUX
ProjectData,PlanningsRéférenceAffectation,NomProjet,string,Text.Type,VRAI
ProjectData,PlanningsRéférenceAffectation,NomTâche,string,Text.Type,VRAI
ProjectData,PlanningsRéférenceAffectation,NuméroPlanningDeRéférence,int,Int32.Type,FAUX
ProjectData,PlanningsRéférenceAffectation,Projet,other,Record.Type,VRAI
ProjectData,PlanningsRéférenceAffectation,TravailBudgétaireRéférenceAffectation,decimal,Decimal.Type,FAUX
ProjectData,PlanningsRéférenceAffectation,TravailMatériauBudgétaireRéférenceAffectation,decimal,Decimal.Type,FAUX
ProjectData,PlanningsRéférenceAffectation,TravailMatériauRéférenceAffectation,decimal,Decimal.Type,FAUX
ProjectData,PlanningsRéférenceAffectation,TravailRéférenceAffectation,decimal,Decimal.Type,FAUX
ProjectData,PlanningsRéférenceAffectation,Tâche,other,Record.Type,VRAI
ProjectData,Problèmes,AssignéÀRessource,string,Text.Type,VRAI
ProjectData,Problèmes,Catégorie,string,Text.Type,VRAI
ProjectData,Problèmes,CheminURLRelativeÉlément,string,Text.Type,VRAI
ProjectData,Problèmes,CréerParRessource,string,Text.Type,VRAI
ProjectData,Problèmes,DateCréation,date,DateTime.Type,VRAI
ProjectData,Problèmes,DateModification,date,DateTime.Type,VRAI
ProjectData,Problèmes,Discussion,string,Text.Type,VRAI
ProjectData,Problèmes,EstUnDossier,bool,Logical.Type,FAUX
ProjectData,Problèmes,IdProblème,string,Text.Type,FAUX
ProjectData,Problèmes,IdProjet,string,Text.Type,FAUX
ProjectData,Problèmes,ModifiéParRessource,string,Text.Type,VRAI
ProjectData,Problèmes,NomProjet,string,Text.Type,VRAI
ProjectData,Problèmes,NombreDePiècesjointes,int,Int32.Type,VRAI
ProjectData,Problèmes,Priorité,string,Text.Type,VRAI
ProjectData,Problèmes,Projet,other,Record.Type,VRAI
ProjectData,Problèmes,Propriétaire,string,Text.Type,VRAI
ProjectData,Problèmes,RisquesAssociés,other,Table.Type,FAUX
ProjectData,Problèmes,Résolution,string,Text.Type,VRAI
ProjectData,Problèmes,SousProblèmes,other,Table.Type,FAUX
ProjectData,Problèmes,Statut,string,Text.Type,VRAI
ProjectData,Problèmes,Titre,string,Text.Type,VRAI
ProjectData,Problèmes,Tâches,other,Table.Type,FAUX
ProjectData,Problèmes,Échéance,date,DateTime.Type,VRAI
ProjectData,Projets,Affectations,other,Table.Type,FAUX
ProjectData,Projets,AuditCoûtProjetEstPérimé,bool,Logical.Type,FAUX
ProjectData,Projets,Axe,string,Text.Type,VRAI
ProjectData,Projets,CRTEProjet,decimal,Decimal.Type,VRAI
ProjectData,Projets,CalculsProjetPérimés,bool,Logical.Type,FAUX
ProjectData,Projets,Catdeproj,string,Text.Type,VRAI
ProjectData,Projets,CodeRéponseErreurFluxDeTravail,int,Int16.Type,VRAI
ProjectData,Projets,Codeétatactivitésconnexes,string,Text.Type,VRAI
ProjectData,Projets,Codeétattravaux,string,Text.Type,VRAI
ProjectData,Projets,CoûtBudgétaireProjet,decimal,Decimal.Type,VRAI
ProjectData,Projets,CoûtFixeProjet,decimal,Decimal.Type,VRAI
ProjectData,Projets,CoûtHeuresSupplémentairesProjet,decimal,Decimal.Type,VRAI
ProjectData,Projets,CoûtHeuresSupplémentairesRestantesProjet,decimal,Decimal.Type,VRAI
ProjectData,Projets,CoûtNormaRéelProjet,decimal,Decimal.Type,VRAI
ProjectData,Projets,CoûtNormalProjet,decimal,Decimal.Type,VRAI
ProjectData,Projets,CoûtNormalRestantProjet,decimal,Decimal.Type,VRAI
ProjectData,Projets,CoûtProjet,decimal,Decimal.Type,VRAI
ProjectData,Projets,CoûtRestantProjet,decimal,Decimal.Type,VRAI
ProjectData,Projets,CoûtRéelProjet,decimal,Decimal.Type,VRAI
ProjectData,Projets,CoûtsHeuresSupplémentairesRéellesProjet,decimal,Decimal.Type,VRAI
ProjectData,Projets,DateCharteRédigée,date,DateTime.Type,VRAI
ProjectData,Projets,DateCréationFluxDeTravail,date,DateTime.Type,VRAI
ProjectData,Projets,DateCréationProjet,date,DateTime.Type,FAUX
ProjectData,Projets,DateDébutPlanificateur,date,DateTime.Type,VRAI
ProjectData,Projets,DateDébutProjet,date,DateTime.Type,VRAI
ProjectData,Projets,DateDébutRéelProjet,date,DateTime.Type,VRAI
ProjectData,Projets,DateFinPlanificateur,date,DateTime.Type,VRAI
ProjectData,Projets,DateFinProjet,date,DateTime.Type,VRAI
ProjectData,Projets,DateFinRéelleProjet,date,DateTime.Type,VRAI
ProjectData,Projets,DateModificationProjet,date,DateTime.Type,FAUX
ProjectData,Projets,DateMàJAnalysederisques,date,DateTime.Type,VRAI
ProjectData,Projets,DateMàJÉnoncédecontenu,date,DateTime.Type,VRAI
ProjectData,Projets,DatePCComitédedécision,date,DateTime.Type,VRAI
ProjectData,Projets,DatePlanUtilisationRessource,date,DateTime.Type,VRAI
ProjectData,Projets,DateValidationOptimiseur,date,DateTime.Type,VRAI
ProjectData,Projets,DateValidationPlanificateur,date,DateTime.Type,VRAI
ProjectData,Projets,Datechartesignée,date,DateTime.Type,VRAI
ProjectData,Projets,Dateréalisationimposée,date,DateTime.Type,VRAI
ProjectData,Projets,DateréellePC1,string,Text.Type,VRAI
ProjectData,Projets,DateÉtatProjet,date,DateTime.Type,VRAI
ProjectData,Projets,DernierPCatteint,string,Text.Type,VRAI
ProjectData,Projets,DescriptionProjet,string,Text.Type,VRAI
ProjectData,Projets,DescriptionTypeProjetEntreprise,string,Text.Type,VRAI
ProjectData,Projets,Descriptioncomitédedécision,string,Text.Type,VRAI
ProjectData,Projets,Descriptionproj,string,Text.Type,VRAI
ProjectData,Projets,DeviseProjet,string,Text.Type,VRAI
ProjectData,Projets,Dureemois,string,Text.Type,VRAI
ProjectData,Projets,DuréeCalendrierProjet,int,Int32.Type,VRAI
ProjectData,Projets,DuréeProjet,decimal,Decimal.Type,VRAI
ProjectData,Projets,DuréeRestanteProjet,decimal,Decimal.Type,VRAI
ProjectData,Projets,DuréeRéelleProjet,decimal,Decimal.Type,VRAI
ProjectData,Projets,DébutAuPlusTardProjet,date,DateTime.Type,VRAI
ProjectData,Projets,DébutAuPlusTôtProjet,date,DateTime.Type,VRAI
ProjectData,Projets,EAAProjet,decimal,Decimal.Type,VRAI
ProjectData,Projets,ErreurFluxDeTravail,string,Text.Type,VRAI
ProjectData,Projets,FinAuPlusTardProjet,date,DateTime.Type,VRAI
ProjectData,Projets,FinAuPlusTôtProjet,date,DateTime.Type,VRAI
ProjectData,Projets,GrandProjet,string,Text.Type,VRAI
ProjectData,Projets,IPCProjet,decimal,Decimal.Type,VRAI
ProjectData,Projets,IdDécisionOptimiseur,other,Byte.Type,VRAI
ProjectData,Projets,IdDécisionPlanificateur,other,Byte.Type,VRAI
ProjectData,Projets,IdInstanceFluxDeTravail,string,Text.Type,VRAI
ProjectData,Projets,IdProjet,string,Text.Type,FAUX
ProjectData,Projets,IdProjetParent,string,Text.Type,VRAI
ProjectData,Projets,IdPropriétaireFluxDeTravail,string,Text.Type,VRAI
ProjectData,Projets,IdPropriétaireProjet,string,Text.Type,FAUX
ProjectData,Projets,IdTableChoixAliasDécisionOptimiseur,string,Text.Type,VRAI
ProjectData,Projets,IdTableChoixAliasDécisionPlanificateur,string,Text.Type,VRAI
ProjectData,Projets,IdTypeProjetEntreprise,string,Text.Type,VRAI
ProjectData,Projets,IdValeurTableChoixAliasDécisionOptimiseur,string,Text.Type,VRAI
ProjectData,Projets,IdValeurTableChoixAliasDécisionPlanificateur,string,Text.Type,VRAI
ProjectData,Projets,IdentificateurProjet,string,Text.Type,VRAI
ProjectData,Projets,InformationsÉtapes,other,Table.Type,FAUX
ProjectData,Projets,Interdépendances,other,Table.Type,FAUX
ProjectData,Projets,Livrables,other,Table.Type,FAUX
ProjectData,Projets,Montanttotaldeprogrammationactivitésconnexes,decimal,Decimal.Type,VRAI
ProjectData,Projets,Montanttotaldeprogrammationtravaux,decimal,Decimal.Type,VRAI
ProjectData,Projets,MotsClésProjet,string,Text.Type,VRAI
ProjectData,Projets,NomAuteurProjet,string,Text.Type,VRAI
ProjectData,Projets,NomCatégorieProjet,string,Text.Type,VRAI
ProjectData,Projets,NomDécisionOptimiseur,string,Text.Type,VRAI
ProjectData,Projets,NomDécisionPlanificateur,string,Text.Type,VRAI
ProjectData,Projets,NomProjet,string,Text.Type,VRAI
ProjectData,Projets,NomPropriétaireFluxDeTravail,string,Text.Type,VRAI
ProjectData,Projets,NomPropriétaireProjet,string,Text.Type,VRAI
ProjectData,Projets,NomResponsableProjet,string,Text.Type,VRAI
ProjectData,Projets,NomSociétéProjet,string,Text.Type,VRAI
ProjectData,Projets,NomSolutionOptimiseur,string,Text.Type,VRAI
ProjectData,Projets,NomSolutionPlanificateur,string,Text.Type,VRAI
ProjectData,Projets,NomTypeProjetEntreprise,string,Text.Type,VRAI
ProjectData,Projets,NomdeprojetLCACPI,string,Text.Type,VRAI
ProjectData,Projets,Numeroprojet,string,Text.Type,VRAI
ProjectData,Projets,NumérodeprojetLCACPI,string,Text.Type,VRAI
ProjectData,Projets,ObjetProjet,string,Text.Type,VRAI
ProjectData,Projets,PVCProjet,decimal,Decimal.Type,VRAI
ProjectData,Projets,PlanningsRéférenceAffectation,other,Table.Type,FAUX
ProjectData,Projets,PourcentageTerminéProjet,int,Int16.Type,VRAI
ProjectData,Projets,PourcentageTravailTerminéProjet,int,Int16.Type,VRAI
ProjectData,Projets,PremièreannéeAC,string,Text.Type,VRAI
ProjectData,Projets,PremièreannéeTR,string,Text.Type,VRAI
ProjectData,Projets,PrioritéDG,string,Text.Type,VRAI
ProjectData,Projets,PrioritéDT,string,Text.Type,VRAI
ProjectData,Projets,Problèmes,other,Table.Type,FAUX
ProjectData,Projets,ProjectEnterpriseFeatures,bool,Logical.Type,FAUX
ProjectData,Projets,ProjectLastPublishedDate,date,DateTime.Type,VRAI
ProjectData,Projets,ProjetChronologique,string,Text.Type,VRAI
ProjectData,Projets,RegroupementGPR,string,Text.Type,VRAI
ProjectData,Projets,Risques,other,Table.Type,FAUX
ProjectData,Projets,SPIProjet,decimal,Decimal.Type,VRAI
ProjectData,Projets,SVPProjet,decimal,Decimal.Type,VRAI
ProjectData,Projets,Servicesduprojet,string,Text.Type,VRAI
ProjectData,Projets,StatutProjet,string,Text.Type,VRAI
ProjectData,Projets,Suividegestion,string,Text.Type,VRAI
ProjectData,Projets,TCPIProjet,decimal,Decimal.Type,VRAI
ProjectData,Projets,TitreProjet,string,Text.Type,VRAI
ProjectData,Projets,TravailBudgétaireProjet,decimal,Decimal.Type,VRAI
ProjectData,Projets,TravailHeuresSupplémentairesProjet,decimal,Decimal.Type,VRAI
ProjectData,Projets,TravailHeuresSupplémentairesRestantesProjet,decimal,Decimal.Type,VRAI
ProjectData,Projets,TravailHeuresSupplémentairesRéellesProjet,decimal,Decimal.Type,VRAI
ProjectData,Projets,TravailNormalProjet,decimal,Decimal.Type,VRAI
ProjectData,Projets,TravailNormalRestantProjet,decimal,Decimal.Type,VRAI
ProjectData,Projets,TravailNormalRéelProjet,decimal,Decimal.Type,VRAI
ProjectData,Projets,TravailPlanRessourcesProjet,decimal,Decimal.Type,VRAI
ProjectData,Projets,TravailProjet,decimal,Decimal.Type,VRAI
ProjectData,Projets,TravailRestantProjet,decimal,Decimal.Type,VRAI
ProjectData,Projets,TravailRéelProjet,decimal,Decimal.Type,VRAI
ProjectData,Projets,TypePlanUtilisationRessource,int,Int16.Type,VRAI
ProjectData,Projets,TypeProjet,int,Int32.Type,FAUX
ProjectData,Projets,TypeProjet1,string,Text.Type,VRAI
ProjectData,Projets,TypeProjetEntrepriseParDéfaut,bool,Logical.Type,VRAI
ProjectData,Projets,Tâches,other,Table.Type,FAUX
ProjectData,Projets,UAResponsable,string,Text.Type,VRAI
ProjectData,Projets,UrlInterneEspaceDeTravailProjet,string,Text.Type,VRAI
ProjectData,Projets,VAAProjet,decimal,Decimal.Type,VRAI
ProjectData,Projets,VAProjet,decimal,Decimal.Type,VRAI
ProjectData,Projets,VCProjet,decimal,Decimal.Type,VRAI
ProjectData,Projets,VPProjet,decimal,Decimal.Type,VRAI
ProjectData,Projets,VSProjet,decimal,Decimal.Type,VRAI
ProjectData,Projets,VariationCoûtProjet,decimal,Decimal.Type,VRAI
ProjectData,Projets,VariationDuréeProjet,decimal,Decimal.Type,VRAI
ProjectData,Projets,VariationDébutProjet,decimal,Decimal.Type,VRAI
ProjectData,Projets,VariationFinProjet,decimal,Decimal.Type,VRAI
ProjectData,Projets,VariationTravailProjet,decimal,Decimal.Type,VRAI
ProjectData,Projets,Étatdelaproposition,string,Text.Type,VRAI
ProjectData,ProjetsAnalysePortefeuille,Analyse,other,Record.Type,VRAI
ProjectData,ProjetsAnalysePortefeuille,DateDébut,date,DateTime.Type,VRAI
ProjectData,ProjetsAnalysePortefeuille,DateDébutOrigine,date,DateTime.Type,VRAI
ProjectData,ProjetsAnalysePortefeuille,DateFinOrigine,date,DateTime.Type,VRAI
ProjectData,ProjetsAnalysePortefeuille,Durée,decimal,Decimal.Type,VRAI
ProjectData,ProjetsAnalysePortefeuille,DébutAuPlusTôtLe,date,DateTime.Type,VRAI
ProjectData,ProjetsAnalysePortefeuille,FinAuPlusTardLe,date,DateTime.Type,VRAI
ProjectData,ProjetsAnalysePortefeuille,IdAnalyse,string,Text.Type,FAUX
ProjectData,ProjetsAnalysePortefeuille,IdProjet,string,Text.Type,FAUX
ProjectData,ProjetsAnalysePortefeuille,NomAnalyse,string,Text.Type,VRAI
ProjectData,ProjetsAnalysePortefeuille,NomProjet,string,Text.Type,VRAI
ProjectData,ProjetsAnalysePortefeuille,Priorité,decimal,Double.Type,FAUX
ProjectData,ProjetsAnalysePortefeuille,PrioritéAbsolue,decimal,Double.Type,FAUX
ProjectData,ProjetsAnalysePortefeuille,Projet,other,Record.Type,VRAI
ProjectData,ProjetsAnalysePortefeuille,Verrouillé,other,Byte.Type,VRAI
ProjectData,ProjetsScénarioCoût,Analyse,other,Record.Type,VRAI
ProjectData,ProjetsScénarioCoût,IdAnalyse,string,Text.Type,FAUX
ProjectData,ProjetsScénarioCoût,IdProjet,string,Text.Type,FAUX
ProjectData,ProjetsScénarioCoût,IdScénario,string,Text.Type,FAUX
ProjectData,ProjetsScénarioCoût,IdTableChoixAliasForcé,string,Text.Type,VRAI
ProjectData,ProjetsScénarioCoût,NomAnalyse,string,Text.Type,VRAI
ProjectData,ProjetsScénarioCoût,NomProjet,string,Text.Type,VRAI
ProjectData,ProjetsScénarioCoût,NomScénario,string,Text.Type,VRAI
ProjectData,ProjetsScénarioCoût,NomTableChoixAliasForcé,string,Text.Type,VRAI
ProjectData,ProjetsScénarioCoût,Priorité,decimal,Double.Type,FAUX
ProjectData,ProjetsScénarioCoût,PrioritéAbsolue,decimal,Double.Type,FAUX
ProjectData,ProjetsScénarioCoût,Projet,other,Record.Type,VRAI
ProjectData,ProjetsScénarioCoût,ScénarioContrainteCoût,other,Record.Type,VRAI
ProjectData,ProjetsScénarioCoût,Statut,other,Byte.Type,FAUX
ProjectData,ProjetsScénarioCoût,ValeurContrainteImpérative,decimal,Decimal.Type,FAUX
ProjectData,ProjetsScénarioCoût,ÉtatForcé,other,Byte.Type,FAUX
ProjectData,ProjetsScénarioRessource,Analyse,other,Record.Type,VRAI
ProjectData,ProjetsScénarioRessource,CoûtRessource,decimal,Decimal.Type,FAUX
ProjectData,ProjetsScénarioRessource,IdAnalyse,string,Text.Type,FAUX
ProjectData,ProjetsScénarioRessource,IdProjet,string,Text.Type,FAUX
ProjectData,ProjetsScénarioRessource,IdScénario,string,Text.Type,FAUX
ProjectData,ProjetsScénarioRessource,IdScénarioContrainteCoût,string,Text.Type,FAUX
ProjectData,ProjetsScénarioRessource,IdTableChoixAliasForcé,string,Text.Type,VRAI
ProjectData,ProjetsScénarioRessource,NomAnalyse,string,Text.Type,VRAI
ProjectData,ProjetsScénarioRessource,NomProjet,string,Text.Type,VRAI
ProjectData,ProjetsScénarioRessource,NomScénario,string,Text.Type,VRAI
ProjectData,ProjetsScénarioRessource,NomScénarioContrainteCoût,string,Text.Type,VRAI
ProjectData,ProjetsScénarioRessource,NomTableChoixAliasForcé,string,Text.Type,VRAI
ProjectData,ProjetsScénarioRessource,NouvelleDateDébut,date,DateTime.Type,FAUX
ProjectData,ProjetsScénarioRessource,Priorité,decimal,Double.Type,FAUX
ProjectData,ProjetsScénarioRessource,PrioritéAbsolue,decimal,Double.Type,FAUX
ProjectData,ProjetsScénarioRessource,Projet,other,Record.Type,VRAI
ProjectData,ProjetsScénarioRessource,ScénarioContrainteCoût,other,Record.Type,VRAI
ProjectData,ProjetsScénarioRessource,ScénarioContrainteRessource,other,Record.Type,VRAI
ProjectData,ProjetsScénarioRessource,Statut,other,Byte.Type,FAUX
ProjectData,ProjetsScénarioRessource,TravailRessource,decimal,Decimal.Type,FAUX
ProjectData,ProjetsScénarioRessource,ValeurContrainteImpérative,decimal,Decimal.Type,FAUX
ProjectData,ProjetsScénarioRessource,ÉtatForcé,other,Byte.Type,FAUX
ProjectData,PériodesFeuilleDeTemps,DateDébut,date,DateTime.Type,FAUX
ProjectData,PériodesFeuilleDeTemps,DateFin,date,DateTime.Type,FAUX
ProjectData,PériodesFeuilleDeTemps,Description,string,Text.Type,VRAI
ProjectData,PériodesFeuilleDeTemps,IdPériode,string,Text.Type,FAUX
ProjectData,PériodesFeuilleDeTemps,IdÉtatPériode,other,Byte.Type,FAUX
ProjectData,PériodesFeuilleDeTemps,LCID,int,Int32.Type,VRAI
ProjectData,PériodesFeuilleDeTemps,NomPériode,string,Text.Type,VRAI
ProjectData,PériodesFiscales,AnnéePériodeFiscale,int,Int32.Type,FAUX
ProjectData,PériodesFiscales,DateCréation,date,DateTime.Type,FAUX
ProjectData,PériodesFiscales,DateModificationPériodeFiscale,date,DateTime.Type,VRAI
ProjectData,PériodesFiscales,DébutPériodeFiscale,date,DateTime.Type,FAUX
ProjectData,PériodesFiscales,FinPériodeFiscale,date,DateTime.Type,FAUX
ProjectData,PériodesFiscales,IDPériodeFiscale,string,Text.Type,FAUX
ProjectData,PériodesFiscales,NomPériodeFiscale,string,Text.Type,VRAI
ProjectData,PériodesFiscales,PériodeFiscaleTrimestre,int,Int32.Type,FAUX
ProjectData,RelationsAxeStratégiqueDéfinitionPriorités,AxeStratégique1,other,Record.Type,VRAI
ProjectData,RelationsAxeStratégiqueDéfinitionPriorités,AxeStratégique2,other,Record.Type,VRAI
ProjectData,RelationsAxeStratégiqueDéfinitionPriorités,DéfinitionDePriorités,other,Record.Type,VRAI
ProjectData,RelationsAxeStratégiqueDéfinitionPriorités,IdAxeStratégiqueEntreprise1,string,Text.Type,FAUX
ProjectData,RelationsAxeStratégiqueDéfinitionPriorités,IdAxeStratégiqueEntreprise2,string,Text.Type,FAUX
ProjectData,RelationsAxeStratégiqueDéfinitionPriorités,IdDéfinitionPriorités,string,Text.Type,FAUX
ProjectData,RelationsAxeStratégiqueDéfinitionPriorités,NomAxeStratégiqueEntreprise1,string,Text.Type,VRAI
ProjectData,RelationsAxeStratégiqueDéfinitionPriorités,NomAxeStratégiqueEntreprise2,string,Text.Type,VRAI
ProjectData,RelationsAxeStratégiqueDéfinitionPriorités,NomDéfinitionPriorités,string,Text.Type,VRAI
ProjectData,RelationsAxeStratégiqueDéfinitionPriorités,ValeurRelation,string,Text.Type,VRAI
ProjectData,Ressources,AdresseMessagerieRessource,string,Text.Type,VRAI
ProjectData,Ressources,Affectations,other,Table.Type,FAUX
ProjectData,Ressources,CalendrierBaseRessource,string,Text.Type,VRAI
ProjectData,Ressources,Catdepenses,string,Text.Type,VRAI
ProjectData,Ressources,CentreCoûtRessource,string,Text.Type,VRAI
ProjectData,Ressources,CodeRessource,string,Text.Type,VRAI
ProjectData,Ressources,CompteNTRessource,string,Text.Type,VRAI
ProjectData,Ressources,Corpsemploi,string,Text.Type,VRAI
ProjectData,Ressources,CoûtRessourceParUtilisation,decimal,Decimal.Type,FAUX
ProjectData,Ressources,DateCréationRessource,date,DateTime.Type,FAUX
ProjectData,Ressources,DateModificationRessource,date,DateTime.Type,FAUX
ProjectData,Ressources,DescriptionType,string,Text.Type,VRAI
ProjectData,Ressources,GroupeRessources,string,Text.Type,VRAI
ProjectData,Ressources,GroupeTravailRessource,int,Int16.Type,VRAI
ProjectData,Ressources,IdGestionFeuilleDeTempsRessource,string,Text.Type,VRAI
ProjectData,Ressources,IdRessource,string,Text.Type,FAUX
ProjectData,Ressources,IdÉtatRessource,string,Text.Type,FAUX
ProjectData,Ressources,InitialesRessource,string,Text.Type,VRAI
ProjectData,Ressources,JeuDonnéesInformationsChronologiques,other,Table.Type,FAUX
ProjectData,Ressources,LienHypertexteRessource,string,Text.Type,VRAI
ProjectData,Ressources,NU,string,Text.Type,VRAI
ProjectData,Ressources,NomRessource,string,Text.Type,VRAI
ProjectData,Ressources,NomType,string,Text.Type,VRAI
ProjectData,Ressources,NomÉtatRessource,string,Text.Type,VRAI
ProjectData,Ressources,RBS,string,Text.Type,VRAI
ProjectData,Ressources,ResourceDemandTimephasedInfo,other,Table.Type,FAUX
ProjectData,Ressources,RessourceDisponibleAuPlusTardAu,date,DateTime.Type,VRAI
ProjectData,Ressources,RessourceDisponibleAuPlusTôtDu,date,DateTime.Type,VRAI
ProjectData,Ressources,RessourceEstActive,bool,Logical.Type,FAUX
ProjectData,Ressources,RessourceEstGénérique,bool,Logical.Type,FAUX
ProjectData,Ressources,RessourceÀniveler,bool,Logical.Type,FAUX
ProjectData,Ressources,RessourceÉquipe,bool,Logical.Type,FAUX
ProjectData,Ressources,RéfÉlevéeLienHypertexteRessource,string,Text.Type,VRAI
ProjectData,Ressources,Servicesderessources,string,Text.Type,VRAI
ProjectData,Ressources,TauxHeuresSupplémentairesRessource,decimal,Decimal.Type,FAUX
ProjectData,Ressources,TauxStandardRessource,decimal,Decimal.Type,FAUX
ProjectData,Ressources,TypeRessource,int,Int16.Type,FAUX
ProjectData,Ressources,TypeRéservationRessource,other,Byte.Type,VRAI
ProjectData,Ressources,Typedecoût,string,Text.Type,VRAI
ProjectData,Ressources,UA,string,Text.Type,VRAI
ProjectData,Ressources,UnitésMaxRessource,decimal,Decimal.Type,FAUX
ProjectData,Ressources,ÉtiquetteMatériauRessource,string,Text.Type,VRAI
ProjectData,Risques,AssignéÀRessource,string,Text.Type,VRAI
ProjectData,Risques,Catégorie,string,Text.Type,VRAI
ProjectData,Risques,CheminURLRelativeÉlément,string,Text.Type,VRAI
ProjectData,Risques,Coût,decimal,Double.Type,VRAI
ProjectData,Risques,CréerParRessource,string,Text.Type,VRAI
ProjectData,Risques,DateCréation,date,DateTime.Type,VRAI
ProjectData,Risques,DateModification,date,DateTime.Type,VRAI
ProjectData,Risques,Description,string,Text.Type,VRAI
ProjectData,Risques,DescriptionDéclencheur,string,Text.Type,VRAI
ProjectData,Risques,EstUnDossier,bool,Logical.Type,FAUX
ProjectData,Risques,Exposition,decimal,Double.Type,VRAI
ProjectData,Risques,ExpositionCoût,decimal,Double.Type,VRAI
ProjectData,Risques,IdProjet,string,Text.Type,FAUX
ProjectData,Risques,IdRisque,string,Text.Type,FAUX
ProjectData,Risques,ModifiéParRessource,string,Text.Type,VRAI
ProjectData,Risques,NomProjet,string,Text.Type,VRAI
ProjectData,Risques,NombreDePiècesjointes,int,Int32.Type,VRAI
ProjectData,Risques,PlanAtténuation,string,Text.Type,VRAI
ProjectData,Risques,PlanUrgence,string,Text.Type,VRAI
ProjectData,Risques,Probabilité,decimal,Double.Type,VRAI
ProjectData,Risques,ProblèmesConnexes,other,Table.Type,FAUX
ProjectData,Risques,Projet,other,Record.Type,VRAI
ProjectData,Risques,Propriétaire,string,Text.Type,VRAI
ProjectData,Risques,SousRisques,other,Table.Type,FAUX
ProjectData,Risques,Statut,string,Text.Type,VRAI
ProjectData,Risques,Titre,string,Text.Type,VRAI
ProjectData,Risques,TâcheDéclencheur,string,Text.Type,VRAI
ProjectData,Risques,Tâches,other,Table.Type,FAUX
ProjectData,Risques,ÀPercussion,decimal,Double.Type,VRAI
ProjectData,Risques,Échéance,date,DateTime.Type,VRAI
ProjectData,ScénariosContrainteCoût,Analyse,other,Record.Type,VRAI
ProjectData,ScénariosContrainteCoût,CoûtProjetsNonSélectionné,decimal,Decimal.Type,VRAI
ProjectData,ScénariosContrainteCoût,CoûtProjetsSélectionnés,decimal,Decimal.Type,VRAI
ProjectData,ScénariosContrainteCoût,DateCréation,date,DateTime.Type,FAUX
ProjectData,ScénariosContrainteCoût,DateModification,date,DateTime.Type,FAUX
ProjectData,ScénariosContrainteCoût,DescriptionScénario,string,Text.Type,VRAI
ProjectData,ScénariosContrainteCoût,IdAnalyse,string,Text.Type,FAUX
ProjectData,ScénariosContrainteCoût,IdRessourceCréation,string,Text.Type,VRAI
ProjectData,ScénariosContrainteCoût,IdRessourceModification,string,Text.Type,VRAI
ProjectData,ScénariosContrainteCoût,IdScénario,string,Text.Type,FAUX
ProjectData,ScénariosContrainteCoût,ModifiéParRessource,other,Record.Type,VRAI
ProjectData,ScénariosContrainteCoût,NomAnalyse,string,Text.Type,VRAI
ProjectData,ScénariosContrainteCoût,NomRessourceCréation,string,Text.Type,VRAI
ProjectData,ScénariosContrainteCoût,NomRessourceModification,string,Text.Type,VRAI
ProjectData,ScénariosContrainteCoût,NomScénario,string,Text.Type,VRAI
ProjectData,ScénariosContrainteCoût,PrioritéProjetNonSélectionnée,decimal,Double.Type,VRAI
ProjectData,ScénariosContrainteCoût,PrioritéProjetSélectionnée,decimal,Double.Type,VRAI
ProjectData,ScénariosContrainteCoût,ProjetsScénarioCoût,other,Table.Type,FAUX
ProjectData,ScénariosContrainteCoût,RessourceCréation,other,Record.Type,VRAI
ProjectData,ScénariosContrainteCoût,ScénariosContrainteRessource,other,Table.Type,FAUX
ProjectData,ScénariosContrainteCoût,UtiliserDépendances,bool,Logical.Type,FAUX
ProjectData,ScénariosContrainteRessource,Analyse,other,Record.Type,VRAI
ProjectData,ScénariosContrainteRessource,AppliquerContraintesPlanification,bool,Logical.Type,FAUX
ProjectData,ScénariosContrainteRessource,AppliquerDépendancesProjet,bool,Logical.Type,FAUX
ProjectData,ScénariosContrainteRessource,DateCréation,date,DateTime.Type,FAUX
ProjectData,ScénariosContrainteRessource,DateModification,date,DateTime.Type,FAUX
ProjectData,ScénariosContrainteRessource,DescriptionScénario,string,Text.Type,VRAI
ProjectData,ScénariosContrainteRessource,IdAnalyse,string,Text.Type,FAUX
ProjectData,ScénariosContrainteRessource,IdRessourceCréation,string,Text.Type,FAUX
ProjectData,ScénariosContrainteRessource,IdRessourceModification,string,Text.Type,FAUX
ProjectData,ScénariosContrainteRessource,IdScénario,string,Text.Type,FAUX
ProjectData,ScénariosContrainteRessource,IdScénarioContrainteCoût,string,Text.Type,FAUX
ProjectData,ScénariosContrainteRessource,ModifiéParRessource,other,Record.Type,VRAI
ProjectData,ScénariosContrainteRessource,NomAnalyse,string,Text.Type,VRAI
ProjectData,ScénariosContrainteRessource,NomRessourceCréation,string,Text.Type,VRAI
ProjectData,ScénariosContrainteRessource,NomRessourceModification,string,Text.Type,VRAI
ProjectData,ScénariosContrainteRessource,NomScénario,string,Text.Type,VRAI
ProjectData,ScénariosContrainteRessource,NomScénarioContrainteCoût,string,Text.Type,VRAI
ProjectData,ScénariosContrainteRessource,ProjetsScénarioRessource,other,Table.Type,FAUX
ProjectData,ScénariosContrainteRessource,RessourceCréation,other,Record.Type,VRAI
ProjectData,ScénariosContrainteRessource,ScénarioContrainteCoût,other,Record.Type,VRAI
ProjectData,ScénariosContrainteRessource,SeuilRépartition,decimal,Decimal.Type,FAUX
ProjectData,ScénariosContrainteRessource,TableTaux,other,Byte.Type,FAUX
ProjectData,ScénariosContrainteRessource,TypeContrainte,other,Byte.Type,FAUX
ProjectData,ScénariosContrainteRessource,TypeEmbauche,other,Byte.Type,FAUX
ProjectData,ScénariosContrainteRessource,ValeurContrainte,decimal,Decimal.Type,FAUX
ProjectData,ServicesAxeStratégiqueEntreprise,AxeStratégique,other,Record.Type,VRAI
ProjectData,ServicesAxeStratégiqueEntreprise,IdAxeStratégiqueEntreprise,string,Text.Type,FAUX
ProjectData,ServicesAxeStratégiqueEntreprise,IdService,string,Text.Type,FAUX
ProjectData,ServicesAxeStratégiqueEntreprise,NomAxeStratégiqueEntreprise,string,Text.Type,VRAI
ProjectData,ServicesAxeStratégiqueEntreprise,NomService,string,Text.Type,VRAI
ProjectData,Tâches,AdresseLienHypertexteTâche,string,Text.Type,VRAI
ProjectData,Tâches,Affectations,other,Table.Type,FAUX
ProjectData,Tâches,Afficherrapport,string,Text.Type,VRAI
ProjectData,Tâches,CRTETâche,decimal,Decimal.Type,VRAI
ProjectData,Tâches,ChaîneDateDébutTâche,string,Text.Type,VRAI
ProjectData,Tâches,ChaîneDateFinTâche,string,Text.Type,VRAI
ProjectData,Tâches,ChaîneDuréeTâche,string,Text.Type,VRAI
ProjectData,Tâches,CodelivrableGID,string,Text.Type,VRAI
ProjectData,Tâches,Commentaire_GPR,string,Text.Type,VRAI
ProjectData,Tâches,CoûtBudgétaireTâche,decimal,Decimal.Type,FAUX
ProjectData,Tâches,CoûtFixeRéelTâche,decimal,Decimal.Type,VRAI
ProjectData,Tâches,CoûtFixeTâche,decimal,Decimal.Type,VRAI
ProjectData,Tâches,CoûtHeuresSupplémentairesRestantesTâche,decimal,Decimal.Type,VRAI
ProjectData,Tâches,CoûtHeuresSupplémentairesRéelTâche,decimal,Decimal.Type,VRAI
ProjectData,Tâches,CoûtHeuresSupplémentairesTâche,decimal,Decimal.Type,VRAI
ProjectData,Tâches,CoûtNormalRestantTâche,decimal,Decimal.Type,VRAI
ProjectData,Tâches,CoûtNormalRéelTâche,decimal,Decimal.Type,VRAI
ProjectData,Tâches,CoûtNormalTâche,decimal,Decimal.Type,VRAI
ProjectData,Tâches,CoûtRestantTâche,decimal,Decimal.Type,VRAI
ProjectData,Tâches,CoûtRéelTâche,decimal,Decimal.Type,VRAI
ProjectData,Tâches,CoûtTâche,decimal,Decimal.Type,VRAI
ProjectData,Tâches,DateCréationTâche,date,DateTime.Type,FAUX
ProjectData,Tâches,DateDébutLivrableTâche,date,DateTime.Type,VRAI
ProjectData,Tâches,DateDébutRéelleTâche,date,DateTime.Type,VRAI
ProjectData,Tâches,DateDébutTâche,date,DateTime.Type,VRAI
ProjectData,Tâches,DateFinLivrableTâche,date,DateTime.Type,VRAI
ProjectData,Tâches,DateFinRéelleTâche,date,DateTime.Type,VRAI
ProjectData,Tâches,DateFinTâche,date,DateTime.Type,VRAI
ProjectData,Tâches,DateModificationTâche,date,DateTime.Type,FAUX
ProjectData,Tâches,DateapprouvéeDGEI,date,DateTime.Type,VRAI
ProjectData,Tâches,DatedemandéeDGT,date,DateTime.Type,VRAI
ProjectData,Tâches,Dateoccupation,date,DateTime.Type,VRAI
ProjectData,Tâches,DernierPCatteinttache,decimal,Decimal.Type,VRAI
ProjectData,Tâches,DonnéesChronologiquesRéférenceAffectations,other,Table.Type,FAUX
ProjectData,Tâches,DuréeEstiméeTâche,bool,Logical.Type,FAUX
ProjectData,Tâches,DuréeRestanteTâche,decimal,Decimal.Type,VRAI
ProjectData,Tâches,DuréeRéelleTâche,decimal,Decimal.Type,VRAI
ProjectData,Tâches,DuréeTâche,decimal,Decimal.Type,VRAI
ProjectData,Tâches,DébutAuPlusTardTâche,date,DateTime.Type,VRAI
ProjectData,Tâches,DébutAuPlusTôtTâche,date,DateTime.Type,VRAI
ProjectData,Tâches,EAATâche,decimal,Decimal.Type,VRAI
ProjectData,Tâches,FinAuPlusTardTâche,date,DateTime.Type,VRAI
ProjectData,Tâches,FinAuPlusTôtTâche,date,DateTime.Type,VRAI
ProjectData,Tâches,IDUniqueClientTâche,int,Int32.Type,FAUX
ProjectData,Tâches,IPCTâche,decimal,Decimal.Type,VRAI
ProjectData,Tâches,IdAffectationCoûtFixeTâche,string,Text.Type,FAUX
ProjectData,Tâches,IdProjet,string,Text.Type,FAUX
ProjectData,Tâches,IdTâche,string,Text.Type,FAUX
ProjectData,Tâches,IdTâcheParente,string,Text.Type,VRAI
ProjectData,Tâches,IndexTâche,int,Int32.Type,VRAI
ProjectData,Tâches,Indicateurtypetâche,string,Text.Type,VRAI
ProjectData,Tâches,InfosChronologiques,other,Table.Type,FAUX
ProjectData,Tâches,JeuDonnéesChronologiquesPlanningsDeRéférence,other,Table.Type,FAUX
ProjectData,Tâches,LienHypertexteNomConvivialTâche,string,Text.Type,VRAI
ProjectData,Tâches,Lots,bool,Logical.Type,VRAI
ProjectData,Tâches,MargeLibreTâche,decimal,Decimal.Type,VRAI
ProjectData,Tâches,MargeTotaleTâche,decimal,Decimal.Type,VRAI
ProjectData,Tâches,NiveauHiérarchiqueTâche,int,Int16.Type,VRAI
ProjectData,Tâches,Nodedossier,string,Text.Type,VRAI
ProjectData,Tâches,NodedossierAGI,string,Text.Type,VRAI
ProjectData,Tâches,NomProjet,string,Text.Type,VRAI
ProjectData,Tâches,NomTâche,string,Text.Type,VRAI
ProjectData,Tâches,NomTâcheParente,string,Text.Type,VRAI
ProjectData,Tâches,NombreRévisionsCrééesTâche,int,Int32.Type,FAUX
ProjectData,Tâches,NombreRévisionsModifiéesTâche,int,Int32.Type,FAUX
ProjectData,Tâches,Numerodelot,string,Text.Type,VRAI
ProjectData,Tâches,NuméroHiérarchiqueTâche,string,Text.Type,VRAI
ProjectData,Tâches,PVCTâche,decimal,Decimal.Type,VRAI
ProjectData,Tâches,PVPTâche,decimal,Decimal.Type,VRAI
ProjectData,Tâches,PlanningsDeRéférence,other,Table.Type,FAUX
ProjectData,Tâches,PlanningsDeRéférenceAffectations,other,Table.Type,FAUX
ProjectData,Tâches,PourcentageAchevéTâche,int,Int16.Type,VRAI
ProjectData,Tâches,PourcentagePhysiqueAchevéTâche,int,Int16.Type,VRAI
ProjectData,Tâches,PourcentageTravailAchevéTâche,int,Int16.Type,VRAI
ProjectData,Tâches,PrioritéTâche,int,Int16.Type,VRAI
ProjectData,Tâches,Prisedepossessionlégale,date,DateTime.Type,VRAI
ProjectData,Tâches,Problèmes,other,Table.Type,FAUX
ProjectData,Tâches,Projet,other,Record.Type,VRAI
ProjectData,Tâches,RetardNivellementTâche,decimal,Decimal.Type,VRAI
ProjectData,Tâches,Risques,other,Table.Type,FAUX
ProjectData,Tâches,SPITâche,decimal,Decimal.Type,VRAI
ProjectData,Tâches,Sante,string,Text.Type,VRAI
ProjectData,Tâches,Servicespublics,string,Text.Type,VRAI
ProjectData,Tâches,SousAdresseLienHypertexteTâche,string,Text.Type,VRAI
ProjectData,Tâches,Statut,string,Text.Type,VRAI
ProjectData,Tâches,TCPITâche,decimal,Decimal.Type,VRAI
ProjectData,Tâches,TravailBudgétaireTâche,decimal,Decimal.Type,FAUX
ProjectData,Tâches,TravailHeuresSupplémentairesRestantesTâche,decimal,Decimal.Type,VRAI
ProjectData,Tâches,TravailHeuresSupplémentairesRéellesTâche,decimal,Decimal.Type,VRAI
ProjectData,Tâches,TravailHeuresSupplémentairesTâche,decimal,Decimal.Type,VRAI
ProjectData,Tâches,TravailNormalRestantTâche,decimal,Decimal.Type,VRAI
ProjectData,Tâches,TravailNormalRéelTâche,decimal,Decimal.Type,VRAI
ProjectData,Tâches,TravailNormalTâche,decimal,Decimal.Type,VRAI
ProjectData,Tâches,TravailPlanRessourcesTâche,decimal,Decimal.Type,FAUX
ProjectData,Tâches,TravailRestantTâche,decimal,Decimal.Type,VRAI
ProjectData,Tâches,TravailRéelTâche,decimal,Decimal.Type,VRAI
ProjectData,Tâches,TravailTâche,decimal,Decimal.Type,VRAI
ProjectData,Tâches,Typeterrain,string,Text.Type,VRAI
ProjectData,Tâches,TâcheEstActive,bool,Logical.Type,FAUX
ProjectData,Tâches,TâcheEstCritique,bool,Logical.Type,VRAI
ProjectData,Tâches,TâcheEstEnSurutilisation,bool,Logical.Type,VRAI
ProjectData,Tâches,TâcheEstMarquée,bool,Logical.Type,FAUX
ProjectData,Tâches,TâcheEstUnJalon,bool,Logical.Type,VRAI
ProjectData,Tâches,TâcheExterne,bool,Logical.Type,FAUX
ProjectData,Tâches,TâcheIgnoreCalendrierRessources,bool,Logical.Type,FAUX
ProjectData,Tâches,TâchePilotéeParEffort,bool,Logical.Type,FAUX
ProjectData,Tâches,TâchePlanifiéeManuellement,bool,Logical.Type,FAUX
ProjectData,Tâches,TâcheRécapitulative,bool,Logical.Type,VRAI
ProjectData,Tâches,TâcheRécapitulativeProjet,bool,Logical.Type,VRAI
ProjectData,Tâches,TâcheRécurrente,bool,Logical.Type,FAUX
ProjectData,Tâches,UIDGestionnaireÉtatTâche,string,Text.Type,FAUX
ProjectData,Tâches,VAATâche,decimal,Decimal.Type,VRAI
ProjectData,Tâches,VATâche,decimal,Decimal.Type,VRAI
ProjectData,Tâches,VCTâche,decimal,Decimal.Type,VRAI
ProjectData,Tâches,VPTâche,decimal,Decimal.Type,VRAI
ProjectData,Tâches,VSTâche,decimal,Decimal.Type,VRAI
ProjectData,Tâches,VariationCoûtTâche,decimal,Decimal.Type,VRAI
ProjectData,Tâches,VariationDuréeTâche,decimal,Decimal.Type,VRAI
ProjectData,Tâches,VariationDébutTâche,decimal,Decimal.Type,VRAI
ProjectData,Tâches,VariationFinTâche,decimal,Decimal.Type,VRAI
ProjectData,Tâches,VariationTravailTâche,decimal,Decimal.Type,VRAI
ProjectData,Tâches,WBSGPR,string,Text.Type,VRAI
ProjectData,Tâches,WBSTâche,string,Text.Type,VRAI
ProjectData,Tâches,ÉcartPC0PC1,decimal,Decimal.Type,VRAI
ProjectData,Tâches,ÉcartPC0PC2,decimal,Decimal.Type,VRAI
ProjectData,Tâches,ÉcartPC0PC3,decimal,Decimal.Type,VRAI
ProjectData,Tâches,ÉcartPC0PC4,decimal,Decimal.Type,VRAI
ProjectData,Tâches,ÉcartPC0PC5,decimal,Decimal.Type,VRAI
ProjectData,Tâches,ÉcartPC0PC6,decimal,Decimal.Type,VRAI
ProjectData,Tâches,ÉcartPC0PC7,decimal,Decimal.Type,VRAI
ProjectData,Tâches,ÉchéanceTâche,date,DateTime.Type,VRAI
ProjectData,Tâches,Étatdel’indicateur,bool,Logical.Type,VRAI
