"EntityName_EN","ViewName","ViewLanguage","TotalRows","ViewError","ColumnName","NonNullCount","IsAllNull","MapStatus","PsseSourceSchema","PsseSourceObject","PsseColumnName","SourceExpression"
"Assignments","Assignments","EN","1772",,"ProjectId","1772","False","MAPPED","pjrep","MSP_EpmAssignment_UserView","ProjectUID","src.[ProjectUID]"
"Assignments","Assignments","EN","1772",,"AssignmentId","1772","False","MAPPED","pjrep","MSP_EpmAssignment_UserView","AssignmentUID","src.[AssignmentUID]"
"Assignments","Assignments","EN","1772",,"AssignmentActualCost","1772","False","MAPPED","pjrep","MSP_EpmAssignment_UserView","AssignmentActualCost","src.[AssignmentActualCost]"
"Assignments","Assignments","EN","1772",,"AssignmentActualFinishDate","442","False","MAPPED","pjrep","MSP_EpmAssignment_UserView","AssignmentActualFinishDate","src.[AssignmentActualFinishDate]"
"Assignments","Assignments","EN","1772",,"AssignmentActualOvertimeCost","1772","False","MAPPED","pjrep","MSP_EpmAssignment_UserView","AssignmentActualOvertimeCost","src.[AssignmentActualOvertimeCost]"
"Assignments","Assignments","EN","1772",,"AssignmentActualOvertimeWork","1772","False","MAPPED","pjrep","MSP_EpmAssignment_UserView","AssignmentActualOvertimeWork","src.[AssignmentActualOvertimeWork]"
"Assignments","Assignments","EN","1772",,"AssignmentActualRegularCost","1772","False","MAPPED","pjrep","MSP_EpmAssignment_UserView","AssignmentActualRegularCost","src.[AssignmentActualRegularCost]"
"Assignments","Assignments","EN","1772",,"AssignmentActualRegularWork","1772","False","MAPPED","pjrep","MSP_EpmAssignment_UserView","AssignmentActualRegularWork","src.[AssignmentActualRegularWork]"
"Assignments","Assignments","EN","1772",,"AssignmentActualStartDate","462","False","MAPPED","pjrep","MSP_EpmAssignment_UserView","AssignmentActualStartDate","src.[AssignmentActualStartDate]"
"Assignments","Assignments","EN","1772",,"AssignmentActualWork","1772","False","MAPPED","pjrep","MSP_EpmAssignment_UserView","AssignmentActualWork","src.[AssignmentActualWork]"
"Assignments","Assignments","EN","1772",,"AssignmentACWP","1772","False","MAPPED","pjrep","MSP_EpmAssignment_UserView","AssignmentACWP","src.[AssignmentACWP]"
"Assignments","Assignments","EN","1772",,"AssignmentAllUpdatesApplied","0","True","MAPPED","pjrep","MSP_EpmAssignmentsApplied_UserView","AssignmentAllUpdatesApplied","jAssignApplied.[AssignmentAllUpdatesApplied]"
"Assignments","Assignments","EN","1772",,"AssignmentBCWP","1772","False","MAPPED","pjrep","MSP_EpmAssignment_UserView","AssignmentBCWP","src.[AssignmentBCWP]"
"Assignments","Assignments","EN","1772",,"AssignmentBCWS","1772","False","MAPPED","pjrep","MSP_EpmAssignment_UserView","AssignmentBCWS","src.[AssignmentBCWS]"
"Assignments","Assignments","EN","1772",,"AssignmentBookingDescription","1772","False","MAPPED","pjrep","MSP_EpmAssignmentBooking","AssignmentBookingDescription","j1.[AssignmentBookingDescription]"
"Assignments","Assignments","EN","1772",,"AssignmentBookingId","1772","False","MAPPED","pjrep","MSP_EpmAssignment_UserView","AssignmentBookingID","src.[AssignmentBookingID]"
"Assignments","Assignments","EN","1772",,"AssignmentBookingName","1772","False","MAPPED","pjrep","MSP_EpmAssignmentBooking","AssignmentBookingName","j1.[AssignmentBookingName]"
"Assignments","Assignments","EN","1772",,"AssignmentBudgetCost","1772","False","MAPPED","pjrep","MSP_EpmAssignment_UserView","AssignmentBudgetCost","src.[AssignmentBudgetCost]"
"Assignments","Assignments","EN","1772",,"AssignmentBudgetMaterialWork","1772","False","MAPPED","pjrep","MSP_EpmAssignment_UserView","AssignmentBudgetMaterialWork","src.[AssignmentBudgetMaterialWork]"
"Assignments","Assignments","EN","1772",,"AssignmentBudgetWork","1772","False","MAPPED","pjrep","MSP_EpmAssignment_UserView","AssignmentBudgetWork","src.[AssignmentBudgetWork]"
"Assignments","Assignments","EN","1772",,"AssignmentCost","1772","False","MAPPED","pjrep","MSP_EpmAssignment_UserView","AssignmentCost","src.[AssignmentCost]"
"Assignments","Assignments","EN","1772",,"AssignmentCostVariance","1772","False","MAPPED","pjrep","MSP_EpmAssignment_UserView","AssignmentCostVariance","src.[AssignmentCostVariance]"
"Assignments","Assignments","EN","1772",,"AssignmentCreatedDate","1772","False","MAPPED","pjrep","MSP_EpmAssignment_UserView","AssignmentCreatedDate","src.[AssignmentCreatedDate]"
"Assignments","Assignments","EN","1772",,"AssignmentCreatedRevisionCounter","1772","False","MAPPED","pjrep","MSP_EpmAssignment_UserView","AssignmentCreatedRevisionCounter","src.[AssignmentCreatedRevisionCounter]"
"Assignments","Assignments","EN","1772",,"AssignmentCV","1772","False","MAPPED","pjrep","MSP_EpmAssignment_UserView","AssignmentCV","src.[AssignmentCV]"
"Assignments","Assignments","EN","1772",,"AssignmentDelay","1772","False","MAPPED","pjrep","MSP_EpmAssignment_UserView","AssignmentDelay","src.[AssignmentDelay]"
"Assignments","Assignments","EN","1772",,"AssignmentFinishDate","1772","False","MAPPED","pjrep","MSP_EpmAssignment_UserView","AssignmentFinishDate","src.[AssignmentFinishDate]"
"Assignments","Assignments","EN","1772",,"AssignmentFinishVariance","1772","False","MAPPED","pjrep","MSP_EpmAssignment_UserView","AssignmentFinishVariance","src.[AssignmentFinishVariance]"
"Assignments","Assignments","EN","1772",,"AssignmentIsOverallocated","1772","False","MAPPED","pjrep","MSP_EpmAssignment_UserView","AssignmentIsOverallocated","src.[AssignmentIsOverallocated]"
"Assignments","Assignments","EN","1772",,"AssignmentIsPublished","1772","False","MAPPED","pjrep","MSP_EpmAssignment_UserView","AssignmentIsPublished","src.[AssignmentIsPublished]"
"Assignments","Assignments","EN","1772",,"AssignmentMaterialActualWork","1772","False","MAPPED","pjrep","MSP_EpmAssignment_UserView","AssignmentMaterialActualWork","src.[AssignmentMaterialActualWork]"
"Assignments","Assignments","EN","1772",,"AssignmentMaterialWork","1772","False","MAPPED","pjrep","MSP_EpmAssignment_UserView","AssignmentMaterialWork","src.[AssignmentMaterialWork]"
"Assignments","Assignments","EN","1772",,"AssignmentModifiedDate","1772","False","MAPPED","pjrep","MSP_EpmAssignment_UserView","AssignmentModifiedDate","src.[AssignmentModifiedDate]"
"Assignments","Assignments","EN","1772",,"AssignmentModifiedRevisionCounter","1772","False","MAPPED","pjrep","MSP_EpmAssignment_UserView","AssignmentModifiedRevisionCounter","src.[AssignmentModifiedRevisionCounter]"
"Assignments","Assignments","EN","1772",,"AssignmentOvertimeCost","1772","False","MAPPED","pjrep","MSP_EpmAssignment_UserView","AssignmentOvertimeCost","src.[AssignmentOvertimeCost]"
"Assignments","Assignments","EN","1772",,"AssignmentOvertimeWork","1772","False","MAPPED","pjrep","MSP_EpmAssignment_UserView","AssignmentOvertimeWork","src.[AssignmentOvertimeWork]"
"Assignments","Assignments","EN","1772",,"AssignmentPeakUnits","1772","False","MAPPED","pjrep","MSP_EpmAssignment_UserView","AssignmentPeakUnits","src.[AssignmentPeakUnits]"
"Assignments","Assignments","EN","1772",,"AssignmentPercentWorkCompleted","1772","False","MAPPED","pjrep","MSP_EpmAssignment_UserView","AssignmentPercentWorkCompleted","src.[AssignmentPercentWorkCompleted]"
"Assignments","Assignments","EN","1772",,"AssignmentRegularCost","1772","False","MAPPED","pjrep","MSP_EpmAssignment_UserView","AssignmentRegularCost","src.[AssignmentRegularCost]"
"Assignments","Assignments","EN","1772",,"AssignmentRegularWork","1772","False","MAPPED","pjrep","MSP_EpmAssignment_UserView","AssignmentRegularWork","src.[AssignmentRegularWork]"
"Assignments","Assignments","EN","1772",,"AssignmentRemainingCost","1772","False","MAPPED","pjrep","MSP_EpmAssignment_UserView","AssignmentRemainingCost","src.[AssignmentRemainingCost]"
"Assignments","Assignments","EN","1772",,"AssignmentRemainingOvertimeCost","1772","False","MAPPED","pjrep","MSP_EpmAssignment_UserView","AssignmentRemainingOvertimeCost","src.[AssignmentRemainingOvertimeCost]"
"Assignments","Assignments","EN","1772",,"AssignmentRemainingOvertimeWork","1772","False","MAPPED","pjrep","MSP_EpmAssignment_UserView","AssignmentRemainingOvertimeWork","src.[AssignmentRemainingOvertimeWork]"
"Assignments","Assignments","EN","1772",,"AssignmentRemainingRegularCost","1772","False","MAPPED","pjrep","MSP_EpmAssignment_UserView","AssignmentRemainingRegularCost","src.[AssignmentRemainingRegularCost]"
"Assignments","Assignments","EN","1772",,"AssignmentRemainingRegularWork","1772","False","MAPPED","pjrep","MSP_EpmAssignment_UserView","AssignmentRemainingRegularWork","src.[AssignmentRemainingRegularWork]"
"Assignments","Assignments","EN","1772",,"AssignmentRemainingWork","1772","False","MAPPED","pjrep","MSP_EpmAssignment_UserView","AssignmentRemainingWork","src.[AssignmentRemainingWork]"
"Assignments","Assignments","EN","1772",,"AssignmentResourcePlanWork","1772","False","MAPPED","pjrep","MSP_EpmAssignment_UserView","AssignmentResourcePlanWork","src.[AssignmentResourcePlanWork]"
"Assignments","Assignments","EN","1772",,"AssignmentResourceType","1772","False","MAPPED","pjrep","MSP_EpmAssignment_UserView","AssignmentResourceType","src.[AssignmentResourceType]"
"Assignments","Assignments","EN","1772",,"AssignmentStartDate","1772","False","MAPPED","pjrep","MSP_EpmAssignment_UserView","AssignmentStartDate","src.[AssignmentStartDate]"
"Assignments","Assignments","EN","1772",,"AssignmentStartVariance","1772","False","MAPPED","pjrep","MSP_EpmAssignment_UserView","AssignmentStartVariance","src.[AssignmentStartVariance]"
"Assignments","Assignments","EN","1772",,"AssignmentSV","1772","False","MAPPED","pjrep","MSP_EpmAssignment_UserView","AssignmentSV","src.[AssignmentSV]"
"Assignments","Assignments","EN","1772",,"AssignmentType","1772","False","MAPPED","pjrep","MSP_EpmAssignment_UserView","AssignmentType","src.[AssignmentType]"
"Assignments","Assignments","EN","1772",,"AssignmentUpdatesAppliedDate","0","True","MAPPED","pjrep","MSP_EpmAssignmentsApplied_UserView","AssignmentUpdatesAppliedDate","jAssignApplied.[AssignmentUpdatesAppliedDate]"
"Assignments","Assignments","EN","1772",,"AssignmentVAC","1772","False","MAPPED","pjrep","MSP_EpmAssignment_UserView","AssignmentVAC","src.[AssignmentVAC]"
"Assignments","Assignments","EN","1772",,"AssignmentWork","1772","False","MAPPED","pjrep","MSP_EpmAssignment_UserView","AssignmentWork","src.[AssignmentWork]"
"Assignments","Assignments","EN","1772",,"AssignmentWorkVariance","1772","False","MAPPED","pjrep","MSP_EpmAssignment_UserView","AssignmentWorkVariance","src.[AssignmentWorkVariance]"
"Assignments","Assignments","EN","1772",,"IsPublic","1772","False","MAPPED","pjrep","MSP_EpmAssignment_UserView","IsPublic","src.[IsPublic]"
"Assignments","Assignments","EN","1772",,"ProjectName","1772","False","MAPPED","pjrep","MSP_WssIssueTaskAssociation_UserView","ProjectName","jProject.[ProjectName]"
"Assignments","Assignments","EN","1772",,"ResourceId","1772","False","MAPPED","pjrep","MSP_EpmAssignment_UserView","ResourceUID","src.[ResourceUID]"
"Assignments","Assignments","EN","1772",,"ResourceName","1772","False","MAPPED","pjrep","MSP_EpmResource_UserView","ResourceName","jResource.[ResourceName]"
"Assignments","Assignments","EN","1772",,"TaskId","1772","False","MAPPED","pjrep","MSP_EpmAssignment_UserView","TaskUID","src.[TaskUID]"
"Assignments","Assignments","EN","1772",,"TaskIsActive","1772","False","MAPPED","pjrep","MSP_EpmAssignment_UserView","TaskIsActive","src.[TaskIsActive]"
"Assignments","Assignments","EN","1772",,"TaskName","1772","False","MAPPED","pjrep","MSP_WssIssueTaskAssociation_UserView","TaskName","jTask.[TaskName]"
"Assignments","Assignments","EN","1772",,"TimesheetClassId","1772","False","MAPPED","pjrep","MSP_EpmAssignment_UserView","TimesheetClassUID","src.[TimesheetClassUID]"
"Assignments","Assignments","EN","1772",,"TypeDescription","1772","False","MAPPED","pjrep","MSP_EpmAssignmentType","TypeDescription","j3.[TypeDescription]"
"Assignments","Assignments","EN","1772",,"TypeName","1772","False","MAPPED","pjrep","MSP_EpmAssignmentType","TypeName","j3.[TypeName]"
"Assignments","Assignments","EN","1772",,"RBS_R","941","False","MAPPED","pjrep","MSP_EpmAssignment_UserView","RBS_R","src.[RBS_R]"
"Assignments","Assignments","EN","1772",,"Typedecoût_R","0","True","MAPPED","pjrep","MSP_EpmAssignment_UserView","Type de coût_R","src.[Type de coût_R]"
"Assignments","Assignments","EN","1772",,"Servicesderessources_R","0","True","MAPPED","pjrep","MSP_EpmAssignment_UserView","Services de ressources_R","src.[Services de ressources_R]"
"Assignments","Assignments","EN","1772",,"Sante_T","309","False","MAPPED","pjrep","MSP_EpmAssignment_UserView","Sante_T","src.[Sante_T]"
"Assignments","Assignments","EN","1772",,"Étatdel’indicateur_T","1772","False","MAPPED","pjrep","MSP_EpmAssignment_UserView","État de l’indicateur_T","src.[État de l’indicateur_T]"
"Assignments","Assignments","EN","1772",,"Afficherrapport_T","0","True","MAPPED","pjrep","MSP_EpmAssignment_UserView","Afficher rapport_T","src.[Afficher rapport_T]"
"Assignments","Assignments","EN","1772",,"Catdepenses_R","0","True","MAPPED","pjrep","MSP_EpmAssignment_UserView","Cat depenses_R","src.[Cat depenses_R]"
"Assignments","Assignments","EN","1772",,"CodelivrableGID_T","0","True","MAPPED","pjrep","MSP_EpmAssignment_UserView","Code livrable GID_T","src.[Code livrable GID_T]"
"Assignments","Assignments","EN","1772",,"Commentaire_GPR_T","0","True","MAPPED","pjrep","MSP_EpmAssignment_UserView","Commentaire_GPR_T","src.[Commentaire_GPR_T]"
"Assignments","Assignments","EN","1772",,"Corpsemploi_R","709","False","MAPPED","pjrep","MSP_EpmAssignment_UserView","Corps emploi_R","src.[Corps emploi_R]"
"Assignments","Assignments","EN","1772",,"DateapprouvéeDGEI_T","0","True","MAPPED","pjrep","MSP_EpmAssignment_UserView","Date approuvée DGEI_T","src.[Date approuvée DGEI_T]"
"Assignments","Assignments","EN","1772",,"DatedemandéeDGT_T","0","True","MAPPED","pjrep","MSP_EpmAssignment_UserView","Date demandée DGT_T","src.[Date demandée DGT_T]"
"Assignments","Assignments","EN","1772",,"Dateoccupation_T","0","True","MAPPED","pjrep","MSP_EpmAssignment_UserView","Date occupation_T","src.[Date occupation_T]"
"Assignments","Assignments","EN","1772",,"Indicateurtypetâche_T","1757","False","MAPPED","","","LT_VALUE_TEXT","jITT_LTV_A.[LT_VALUE_TEXT]"
"Assignments","Assignments","EN","1772",,"Lots_T","1772","False","MAPPED","pjrep","MSP_EpmAssignment_UserView","Lots_T","src.[Lots_T]"
"Assignments","Assignments","EN","1772",,"NodedossierAGI_T","0","True","MAPPED","pjrep","MSP_EpmAssignment_UserView","No de dossier AGI_T","src.[No de dossier AGI_T]"
"Assignments","Assignments","EN","1772",,"NU_R","0","True","MAPPED","pjrep","MSP_EpmAssignment_UserView","NU_R","src.[NU_R]"
"Assignments","Assignments","EN","1772",,"Numerodelot_T","0","True","MAPPED","pjrep","MSP_EpmAssignment_UserView","Numero de lot_T","src.[Numero de lot_T]"
"Assignments","Assignments","EN","1772",,"Prisedepossessionlégale_T","0","True","MAPPED","pjrep","MSP_EpmAssignment_UserView","Prise de possession légale_T","src.[Prise de possession légale_T]"
"Assignments","Assignments","EN","1772",,"UA_R","941","False","MAPPED","pjrep","MSP_EpmAssignment_UserView","UA_R","src.[UA_R]"
"Assignments","Assignments","EN","1772",,"WBSGPR_T","1567","False","MAPPED","pjrep","MSP_EpmAssignment_UserView","WBS GPR_T","src.[WBS GPR_T]"
"Assignments","Assignments","EN","1772",,"DernierPCatteinttache_T","0","True","MAPPED","pjrep","MSP_EpmAssignment_UserView","Dernier PC atteint tache_T","src.[Dernier PC atteint tache_T]"
"Assignments","Assignments","EN","1772",,"ÉcartPC0PC1_T","0","True","MAPPED","pjrep","MSP_EpmAssignment_UserView","Écart PC0-PC1_T","src.[Écart PC0-PC1_T]"
"Assignments","Assignments","EN","1772",,"ÉcartPC0PC2_T","0","True","MAPPED","pjrep","MSP_EpmAssignment_UserView","Écart PC0-PC2_T","src.[Écart PC0-PC2_T]"
"Assignments","Assignments","EN","1772",,"ÉcartPC0PC3_T","0","True","MAPPED","pjrep","MSP_EpmAssignment_UserView","Écart PC0-PC3_T","src.[Écart PC0-PC3_T]"
"Assignments","Assignments","EN","1772",,"ÉcartPC0PC4_T","0","True","MAPPED","pjrep","MSP_EpmAssignment_UserView","Écart PC0-PC4_T","src.[Écart PC0-PC4_T]"
"Assignments","Assignments","EN","1772",,"ÉcartPC0PC5_T","0","True","MAPPED","pjrep","MSP_EpmAssignment_UserView","Écart PC0-PC5_T","src.[Écart PC0-PC5_T]"
"Assignments","Assignments","EN","1772",,"ÉcartPC0PC6_T","0","True","MAPPED","pjrep","MSP_EpmAssignment_UserView","Écart PC0-PC6_T","src.[Écart PC0-PC6_T]"
"Assignments","Assignments","EN","1772",,"ÉcartPC0PC7_T","0","True","MAPPED","pjrep","MSP_EpmAssignment_UserView","Écart PC0-PC7_T","src.[Écart PC0-PC7_T]"
"Assignments","Assignments","EN","1772",,"Nodedossier_T","10","False","MAPPED","pjrep","MSP_EpmAssignment_UserView","No de dossier_T","src.[No de dossier_T]"
"Assignments","Assignments","EN","1772",,"Servicespublics_T","0","True","MAPPED","pjrep","MSP_EpmAssignment_UserView","Services publics_T","src.[Services publics_T]"
"Assignments","Assignments","EN","1772",,"Statut_T","0","True","MAPPED","pjrep","MSP_EpmAssignment_UserView","Statut_T","src.[Statut_T]"
"Assignments","Assignments","EN","1772",,"Typeterrain_T","0","True","MAPPED","pjrep","MSP_EpmAssignment_UserView","Type terrain_T","src.[Type terrain_T]"
"Assignments","Assignments","EN","1772",,"Baseline","0","True","NAVIGATION","","","",""
"Assignments","Assignments","EN","1772",,"Project","0","True","NAVIGATION","","","",""
"Assignments","Assignments","EN","1772",,"Resource","0","True","NAVIGATION","","","",""
"Assignments","Assignments","EN","1772",,"Task","0","True","NAVIGATION","","","",""
"Assignments","Assignments","EN","1772",,"TimephasedData","0","True","NAVIGATION","","","",""
"Assignments","Affectations","FR","1772",,"IdProjet","1772","False","MAPPED","pjrep","MSP_EpmAssignment_UserView","ProjectUID","src.[ProjectUID]"
"Assignments","Affectations","FR","1772",,"IdAffectation","1772","False","MAPPED","pjrep","MSP_EpmAssignment_UserView","AssignmentUID","src.[AssignmentUID]"
"Assignments","Affectations","FR","1772",,"CoûtRéelAffectation","1772","False","MAPPED","pjrep","MSP_EpmAssignment_UserView","AssignmentActualCost","src.[AssignmentActualCost]"
"Assignments","Affectations","FR","1772",,"AffectationDateFinRéelle","442","False","MAPPED","pjrep","MSP_EpmAssignment_UserView","AssignmentActualFinishDate","src.[AssignmentActualFinishDate]"
"Assignments","Affectations","FR","1772",,"CoûtHeuresSupplémentairesRéellesAffectation","1772","False","MAPPED","pjrep","MSP_EpmAssignment_UserView","AssignmentActualOvertimeCost","src.[AssignmentActualOvertimeCost]"
"Assignments","Affectations","FR","1772",,"HeuresSupplémentairesRéellesAffectation","1772","False","MAPPED","pjrep","MSP_EpmAssignment_UserView","AssignmentActualOvertimeWork","src.[AssignmentActualOvertimeWork]"
"Assignments","Affectations","FR","1772",,"CoûtNormalRéelAffectation","1772","False","MAPPED","pjrep","MSP_EpmAssignment_UserView","AssignmentActualRegularCost","src.[AssignmentActualRegularCost]"
"Assignments","Affectations","FR","1772",,"TravailNormalRéelAffectation","1772","False","MAPPED","pjrep","MSP_EpmAssignment_UserView","AssignmentActualRegularWork","src.[AssignmentActualRegularWork]"
"Assignments","Affectations","FR","1772",,"AffectationDateDébutRéelle","462","False","MAPPED","pjrep","MSP_EpmAssignment_UserView","AssignmentActualStartDate","src.[AssignmentActualStartDate]"
"Assignments","Affectations","FR","1772",,"AffectationTravailRéel","1772","False","MAPPED","pjrep","MSP_EpmAssignment_UserView","AssignmentActualWork","src.[AssignmentActualWork]"
"Assignments","Affectations","FR","1772",,"CRTEAffectation","1772","False","MAPPED","pjrep","MSP_EpmAssignment_UserView","AssignmentACWP","src.[AssignmentACWP]"
"Assignments","Affectations","FR","1772",,"AssignmentAllUpdatesApplied","0","True","MAPPED","pjrep","MSP_EpmAssignmentsApplied_UserView","AssignmentAllUpdatesApplied","jAssignApplied.[AssignmentAllUpdatesApplied]"
"Assignments","Affectations","FR","1772",,"VAAffectation","1772","False","MAPPED","pjrep","MSP_EpmAssignment_UserView","AssignmentBCWP","src.[AssignmentBCWP]"
"Assignments","Affectations","FR","1772",,"VPAffectation","1772","False","MAPPED","pjrep","MSP_EpmAssignment_UserView","AssignmentBCWS","src.[AssignmentBCWS]"
"Assignments","Affectations","FR","1772",,"DescriptionRéservationAffectation","1772","False","MAPPED","pjrep","MSP_EpmAssignmentBooking","AssignmentBookingDescription","j1.[AssignmentBookingDescription]"
"Assignments","Affectations","FR","1772",,"IdRéservationAffectation","1772","False","MAPPED","pjrep","MSP_EpmAssignment_UserView","AssignmentBookingID","src.[AssignmentBookingID]"
"Assignments","Affectations","FR","1772",,"NomRéservationAffectation","1772","False","MAPPED","pjrep","MSP_EpmAssignmentBooking","AssignmentBookingName","j1.[AssignmentBookingName]"
"Assignments","Affectations","FR","1772",,"CoûtBudgétaireAffectation","1772","False","MAPPED","pjrep","MSP_EpmAssignment_UserView","AssignmentBudgetCost","src.[AssignmentBudgetCost]"
"Assignments","Affectations","FR","1772",,"TravailMatériauBudgétaireAffectation","1772","False","MAPPED","pjrep","MSP_EpmAssignment_UserView","AssignmentBudgetMaterialWork","src.[AssignmentBudgetMaterialWork]"
"Assignments","Affectations","FR","1772",,"TravailBudgétaireAffectation","1772","False","MAPPED","pjrep","MSP_EpmAssignment_UserView","AssignmentBudgetWork","src.[AssignmentBudgetWork]"
"Assignments","Affectations","FR","1772",,"AffectationCoût","1772","False","MAPPED","pjrep","MSP_EpmAssignment_UserView","AssignmentCost","src.[AssignmentCost]"
"Assignments","Affectations","FR","1772",,"VarianceCoûtAffectation","1772","False","MAPPED","pjrep","MSP_EpmAssignment_UserView","AssignmentCostVariance","src.[AssignmentCostVariance]"
"Assignments","Affectations","FR","1772",,"DateCréationAffectation","1772","False","MAPPED","pjrep","MSP_EpmAssignment_UserView","AssignmentCreatedDate","src.[AssignmentCreatedDate]"
"Assignments","Affectations","FR","1772",,"CompteurRévisionsCrééAffectation","1772","False","MAPPED","pjrep","MSP_EpmAssignment_UserView","AssignmentCreatedRevisionCounter","src.[AssignmentCreatedRevisionCounter]"
"Assignments","Affectations","FR","1772",,"VCAffectation","1772","False","MAPPED","pjrep","MSP_EpmAssignment_UserView","AssignmentCV","src.[AssignmentCV]"
"Assignments","Affectations","FR","1772",,"RetardAffectation","1772","False","MAPPED","pjrep","MSP_EpmAssignment_UserView","AssignmentDelay","src.[AssignmentDelay]"
"Assignments","Affectations","FR","1772",,"AffectationDateFin","1772","False","MAPPED","pjrep","MSP_EpmAssignment_UserView","AssignmentFinishDate","src.[AssignmentFinishDate]"
"Assignments","Affectations","FR","1772",,"VarianceFinAffectation","1772","False","MAPPED","pjrep","MSP_EpmAssignment_UserView","AssignmentFinishVariance","src.[AssignmentFinishVariance]"
"Assignments","Affectations","FR","1772",,"AffectationEstSurutilisée","1772","False","MAPPED","pjrep","MSP_EpmAssignment_UserView","AssignmentIsOverallocated","src.[AssignmentIsOverallocated]"
"Assignments","Affectations","FR","1772",,"AffectationEstPubliée","1772","False","MAPPED","pjrep","MSP_EpmAssignment_UserView","AssignmentIsPublished","src.[AssignmentIsPublished]"
"Assignments","Affectations","FR","1772",,"TravailRéelMatériauAffectation","1772","False","MAPPED","pjrep","MSP_EpmAssignment_UserView","AssignmentMaterialActualWork","src.[AssignmentMaterialActualWork]"
"Assignments","Affectations","FR","1772",,"TravailMatériauAffectation","1772","False","MAPPED","pjrep","MSP_EpmAssignment_UserView","AssignmentMaterialWork","src.[AssignmentMaterialWork]"
"Assignments","Affectations","FR","1772",,"AffectationDateModification","1772","False","MAPPED","pjrep","MSP_EpmAssignment_UserView","AssignmentModifiedDate","src.[AssignmentModifiedDate]"
"Assignments","Affectations","FR","1772",,"CompteurRévisionsModifiéAffectation","1772","False","MAPPED","pjrep","MSP_EpmAssignment_UserView","AssignmentModifiedRevisionCounter","src.[AssignmentModifiedRevisionCounter]"
"Assignments","Affectations","FR","1772",,"CoûtHeuresSupplémentairesAffectation","1772","False","MAPPED","pjrep","MSP_EpmAssignment_UserView","AssignmentOvertimeCost","src.[AssignmentOvertimeCost]"
"Assignments","Affectations","FR","1772",,"HeuresSupplémentairesAffectation","1772","False","MAPPED","pjrep","MSP_EpmAssignment_UserView","AssignmentOvertimeWork","src.[AssignmentOvertimeWork]"
"Assignments","Affectations","FR","1772",,"UnitésPicAffectation","1772","False","MAPPED","pjrep","MSP_EpmAssignment_UserView","AssignmentPeakUnits","src.[AssignmentPeakUnits]"
"Assignments","Affectations","FR","1772",,"AffectationPourcentageTravailEffectué","1772","False","MAPPED","pjrep","MSP_EpmAssignment_UserView","AssignmentPercentWorkCompleted","src.[AssignmentPercentWorkCompleted]"
"Assignments","Affectations","FR","1772",,"CoûtNormalAffectation","1772","False","MAPPED","pjrep","MSP_EpmAssignment_UserView","AssignmentRegularCost","src.[AssignmentRegularCost]"
"Assignments","Affectations","FR","1772",,"TravailNormalAffectation","1772","False","MAPPED","pjrep","MSP_EpmAssignment_UserView","AssignmentRegularWork","src.[AssignmentRegularWork]"
"Assignments","Affectations","FR","1772",,"AffectationCoûtRestant","1772","False","MAPPED","pjrep","MSP_EpmAssignment_UserView","AssignmentRemainingCost","src.[AssignmentRemainingCost]"
"Assignments","Affectations","FR","1772",,"CoûtHeuresSupplémentairesRestantes","1772","False","MAPPED","pjrep","MSP_EpmAssignment_UserView","AssignmentRemainingOvertimeCost","src.[AssignmentRemainingOvertimeCost]"
"Assignments","Affectations","FR","1772",,"HeuresSupplémentairesRestantesAffectation","1772","False","MAPPED","pjrep","MSP_EpmAssignment_UserView","AssignmentRemainingOvertimeWork","src.[AssignmentRemainingOvertimeWork]"
"Assignments","Affectations","FR","1772",,"CoûtNormalRestantAffectation","1772","False","MAPPED","pjrep","MSP_EpmAssignment_UserView","AssignmentRemainingRegularCost","src.[AssignmentRemainingRegularCost]"
"Assignments","Affectations","FR","1772",,"TravailNormalRestantAffectation","1772","False","MAPPED","pjrep","MSP_EpmAssignment_UserView","AssignmentRemainingRegularWork","src.[AssignmentRemainingRegularWork]"
"Assignments","Affectations","FR","1772",,"AffectationTravailRestant","1772","False","MAPPED","pjrep","MSP_EpmAssignment_UserView","AssignmentRemainingWork","src.[AssignmentRemainingWork]"
"Assignments","Affectations","FR","1772",,"AffectationRessourcePlanTravail","1772","False","MAPPED","pjrep","MSP_EpmAssignment_UserView","AssignmentResourcePlanWork","src.[AssignmentResourcePlanWork]"
"Assignments","Affectations","FR","1772",,"AffectationTypeRessource","1772","False","MAPPED","pjrep","MSP_EpmAssignment_UserView","AssignmentResourceType","src.[AssignmentResourceType]"
"Assignments","Affectations","FR","1772",,"AffectationDateDébut","1772","False","MAPPED","pjrep","MSP_EpmAssignment_UserView","AssignmentStartDate","src.[AssignmentStartDate]"
"Assignments","Affectations","FR","1772",,"VarianceDébutAffectation","1772","False","MAPPED","pjrep","MSP_EpmAssignment_UserView","AssignmentStartVariance","src.[AssignmentStartVariance]"
"Assignments","Affectations","FR","1772",,"EDAffectation","1772","False","MAPPED","pjrep","MSP_EpmAssignment_UserView","AssignmentSV","src.[AssignmentSV]"
"Assignments","Affectations","FR","1772",,"AffectationType","1772","False","MAPPED","pjrep","MSP_EpmAssignment_UserView","AssignmentType","src.[AssignmentType]"
"Assignments","Affectations","FR","1772",,"AssignmentUpdatesAppliedDate","0","True","MAPPED","pjrep","MSP_EpmAssignmentsApplied_UserView","AssignmentUpdatesAppliedDate","jAssignApplied.[AssignmentUpdatesAppliedDate]"
"Assignments","Affectations","FR","1772",,"VAAAffectation","1772","False","MAPPED","pjrep","MSP_EpmAssignment_UserView","AssignmentVAC","src.[AssignmentVAC]"
"Assignments","Affectations","FR","1772",,"AffectationTravail","1772","False","MAPPED","pjrep","MSP_EpmAssignment_UserView","AssignmentWork","src.[AssignmentWork]"
"Assignments","Affectations","FR","1772",,"VarianceTravailAffectation","1772","False","MAPPED","pjrep","MSP_EpmAssignment_UserView","AssignmentWorkVariance","src.[AssignmentWorkVariance]"
"Assignments","Affectations","FR","1772",,"EstPublic","1772","False","MAPPED","pjrep","MSP_EpmAssignment_UserView","IsPublic","src.[IsPublic]"
"Assignments","Affectations","FR","1772",,"NomProjet","1772","False","MAPPED","pjrep","MSP_WssIssueTaskAssociation_UserView","ProjectName","jProject.[ProjectName]"
"Assignments","Affectations","FR","1772",,"IdRessource","1772","False","MAPPED","pjrep","MSP_EpmAssignment_UserView","ResourceUID","src.[ResourceUID]"
"Assignments","Affectations","FR","1772",,"NomRessource","1772","False","MAPPED","pjrep","MSP_EpmResource_UserView","ResourceName","jResource.[ResourceName]"
"Assignments","Affectations","FR","1772",,"IdTâche","1772","False","MAPPED","pjrep","MSP_EpmAssignment_UserView","TaskUID","src.[TaskUID]"
"Assignments","Affectations","FR","1772",,"TâcheEstActive","1772","False","MAPPED","pjrep","MSP_EpmAssignment_UserView","TaskIsActive","src.[TaskIsActive]"
"Assignments","Affectations","FR","1772",,"NomTâche","1772","False","MAPPED","pjrep","MSP_WssIssueTaskAssociation_UserView","TaskName","jTask.[TaskName]"
"Assignments","Affectations","FR","1772",,"IdClasseFeuilleDeTemps","1772","False","MAPPED","pjrep","MSP_EpmAssignment_UserView","TimesheetClassUID","src.[TimesheetClassUID]"
"Assignments","Affectations","FR","1772",,"DescriptionType","1772","False","MAPPED","pjrep","MSP_EpmAssignmentType","TypeDescription","j3.[TypeDescription]"
"Assignments","Affectations","FR","1772",,"NomType","1772","False","MAPPED","pjrep","MSP_EpmAssignmentType","TypeName","j3.[TypeName]"
"Assignments","Affectations","FR","1772",,"RBS_R","941","False","MAPPED","pjrep","MSP_EpmAssignment_UserView","RBS_R","src.[RBS_R]"
"Assignments","Affectations","FR","1772",,"Typedecoût_R","0","True","MAPPED","pjrep","MSP_EpmAssignment_UserView","Type de coût_R","src.[Type de coût_R]"
"Assignments","Affectations","FR","1772",,"Servicesderessources_R","0","True","MAPPED","pjrep","MSP_EpmAssignment_UserView","Services de ressources_R","src.[Services de ressources_R]"
"Assignments","Affectations","FR","1772",,"Sante_T","309","False","MAPPED","pjrep","MSP_EpmAssignment_UserView","Sante_T","src.[Sante_T]"
"Assignments","Affectations","FR","1772",,"Étatdel’indicateur_T","1772","False","MAPPED","pjrep","MSP_EpmAssignment_UserView","État de l’indicateur_T","src.[État de l’indicateur_T]"
"Assignments","Affectations","FR","1772",,"Afficherrapport_T","0","True","MAPPED","pjrep","MSP_EpmAssignment_UserView","Afficher rapport_T","src.[Afficher rapport_T]"
"Assignments","Affectations","FR","1772",,"Catdepenses_R","0","True","MAPPED","pjrep","MSP_EpmAssignment_UserView","Cat depenses_R","src.[Cat depenses_R]"
"Assignments","Affectations","FR","1772",,"CodelivrableGID_T","0","True","MAPPED","pjrep","MSP_EpmAssignment_UserView","Code livrable GID_T","src.[Code livrable GID_T]"
"Assignments","Affectations","FR","1772",,"Commentaire_GPR_T","0","True","MAPPED","pjrep","MSP_EpmAssignment_UserView","Commentaire_GPR_T","src.[Commentaire_GPR_T]"
"Assignments","Affectations","FR","1772",,"Corpsemploi_R","709","False","MAPPED","pjrep","MSP_EpmAssignment_UserView","Corps emploi_R","src.[Corps emploi_R]"
"Assignments","Affectations","FR","1772",,"DateapprouvéeDGEI_T","0","True","MAPPED","pjrep","MSP_EpmAssignment_UserView","Date approuvée DGEI_T","src.[Date approuvée DGEI_T]"
"Assignments","Affectations","FR","1772",,"DatedemandéeDGT_T","0","True","MAPPED","pjrep","MSP_EpmAssignment_UserView","Date demandée DGT_T","src.[Date demandée DGT_T]"
"Assignments","Affectations","FR","1772",,"Dateoccupation_T","0","True","MAPPED","pjrep","MSP_EpmAssignment_UserView","Date occupation_T","src.[Date occupation_T]"
"Assignments","Affectations","FR","1772",,"Indicateurtypetâche_T","1757","False","MAPPED","","","LT_VALUE_TEXT","jITT_LTV_A.[LT_VALUE_TEXT]"
"Assignments","Affectations","FR","1772",,"Lots_T","1772","False","MAPPED","pjrep","MSP_EpmAssignment_UserView","Lots_T","src.[Lots_T]"
"Assignments","Affectations","FR","1772",,"NodedossierAGI_T","0","True","MAPPED","pjrep","MSP_EpmAssignment_UserView","No de dossier AGI_T","src.[No de dossier AGI_T]"
"Assignments","Affectations","FR","1772",,"NU_R","0","True","MAPPED","pjrep","MSP_EpmAssignment_UserView","NU_R","src.[NU_R]"
"Assignments","Affectations","FR","1772",,"Numerodelot_T","0","True","MAPPED","pjrep","MSP_EpmAssignment_UserView","Numero de lot_T","src.[Numero de lot_T]"
"Assignments","Affectations","FR","1772",,"Prisedepossessionlégale_T","0","True","MAPPED","pjrep","MSP_EpmAssignment_UserView","Prise de possession légale_T","src.[Prise de possession légale_T]"
"Assignments","Affectations","FR","1772",,"UA_R","941","False","MAPPED","pjrep","MSP_EpmAssignment_UserView","UA_R","src.[UA_R]"
"Assignments","Affectations","FR","1772",,"WBSGPR_T","1567","False","MAPPED","pjrep","MSP_EpmAssignment_UserView","WBS GPR_T","src.[WBS GPR_T]"
"Assignments","Affectations","FR","1772",,"DernierPCatteinttache_T","0","True","MAPPED","pjrep","MSP_EpmAssignment_UserView","Dernier PC atteint tache_T","src.[Dernier PC atteint tache_T]"
"Assignments","Affectations","FR","1772",,"ÉcartPC0PC1_T","0","True","MAPPED","pjrep","MSP_EpmAssignment_UserView","Écart PC0-PC1_T","src.[Écart PC0-PC1_T]"
"Assignments","Affectations","FR","1772",,"ÉcartPC0PC2_T","0","True","MAPPED","pjrep","MSP_EpmAssignment_UserView","Écart PC0-PC2_T","src.[Écart PC0-PC2_T]"
"Assignments","Affectations","FR","1772",,"ÉcartPC0PC3_T","0","True","MAPPED","pjrep","MSP_EpmAssignment_UserView","Écart PC0-PC3_T","src.[Écart PC0-PC3_T]"
"Assignments","Affectations","FR","1772",,"ÉcartPC0PC4_T","0","True","MAPPED","pjrep","MSP_EpmAssignment_UserView","Écart PC0-PC4_T","src.[Écart PC0-PC4_T]"
"Assignments","Affectations","FR","1772",,"ÉcartPC0PC5_T","0","True","MAPPED","pjrep","MSP_EpmAssignment_UserView","Écart PC0-PC5_T","src.[Écart PC0-PC5_T]"
"Assignments","Affectations","FR","1772",,"ÉcartPC0PC6_T","0","True","MAPPED","pjrep","MSP_EpmAssignment_UserView","Écart PC0-PC6_T","src.[Écart PC0-PC6_T]"
"Assignments","Affectations","FR","1772",,"ÉcartPC0PC7_T","0","True","MAPPED","pjrep","MSP_EpmAssignment_UserView","Écart PC0-PC7_T","src.[Écart PC0-PC7_T]"
"Assignments","Affectations","FR","1772",,"Nodedossier_T","10","False","MAPPED","pjrep","MSP_EpmAssignment_UserView","No de dossier_T","src.[No de dossier_T]"
"Assignments","Affectations","FR","1772",,"Servicespublics_T","0","True","MAPPED","pjrep","MSP_EpmAssignment_UserView","Services publics_T","src.[Services publics_T]"
"Assignments","Affectations","FR","1772",,"Statut_T","0","True","MAPPED","pjrep","MSP_EpmAssignment_UserView","Statut_T","src.[Statut_T]"
"Assignments","Affectations","FR","1772",,"Typeterrain_T","0","True","MAPPED","pjrep","MSP_EpmAssignment_UserView","Type terrain_T","src.[Type terrain_T]"
"Assignments","Affectations","FR","1772",,"DébutRéférenceFinRéférence","0","True","NAVIGATION","","","",""
"Assignments","Affectations","FR","1772",,"Projet","0","True","NAVIGATION","","","",""
"Assignments","Affectations","FR","1772",,"Ressource","0","True","NAVIGATION","","","",""
"Assignments","Affectations","FR","1772",,"Tâche","0","True","NAVIGATION","","","",""
"Assignments","Affectations","FR","1772",,"DonnéesChronologiques","0","True","NAVIGATION","","","",""
"Tasks","Tasks","EN","22462",,"ProjectId","22462","False","MAPPED","pjrep","MSP_EpmTask_UserView","ProjectUID","src.[ProjectUID]"
"Tasks","Tasks","EN","22462",,"TaskId","22462","False","MAPPED","pjrep","MSP_EpmTask_UserView","TaskUID","src.[TaskUID]"
"Tasks","Tasks","EN","22462",,"ParentTaskId","22462","False","MAPPED","pjrep","MSP_EpmTask_UserView","TaskParentUID","src.[TaskParentUID]"
"Tasks","Tasks","EN","22462",,"ParentTaskName","22462","False","MAPPED","pjrep","MSP_EpmTask_UserView","TaskName","jParent.[TaskName]"
"Tasks","Tasks","EN","22462",,"ProjectName","22462","False","MAPPED","pjrep","MSP_WssIssueTaskAssociation_UserView","ProjectName","jProject.[ProjectName]"
"Tasks","Tasks","EN","22462",,"TaskActualCost","22462","False","MAPPED","pjrep","MSP_EpmTask_UserView","TaskActualCost","src.[TaskActualCost]"
"Tasks","Tasks","EN","22462",,"TaskActualDuration","22462","False","MAPPED","pjrep","MSP_EpmTask_UserView","TaskActualDuration","src.[TaskActualDuration]"
"Tasks","Tasks","EN","22462",,"TaskActualFinishDate","4157","False","MAPPED","pjrep","MSP_EpmTask_UserView","TaskActualFinishDate","src.[TaskActualFinishDate]"
"Tasks","Tasks","EN","22462",,"TaskActualFixedCost","22462","False","MAPPED","pjrep","MSP_EpmTask_UserView","TaskActualFixedCost","src.[TaskActualFixedCost]"
"Tasks","Tasks","EN","22462",,"TaskActualOvertimeCost","22462","False","MAPPED","pjrep","MSP_EpmTask_UserView","TaskActualOvertimeCost","src.[TaskActualOvertimeCost]"
"Tasks","Tasks","EN","22462",,"TaskActualOvertimeWork","22462","False","MAPPED","pjrep","MSP_EpmTask_UserView","TaskActualOvertimeWork","src.[TaskActualOvertimeWork]"
"Tasks","Tasks","EN","22462",,"TaskActualRegularCost","22462","False","MAPPED","pjrep","MSP_EpmTask_UserView","TaskActualRegularCost","src.[TaskActualRegularCost]"
"Tasks","Tasks","EN","22462",,"TaskActualRegularWork","22462","False","MAPPED","pjrep","MSP_EpmTask_UserView","TaskActualRegularWork","src.[TaskActualRegularWork]"
"Tasks","Tasks","EN","22462",,"TaskActualStartDate","4821","False","MAPPED","pjrep","MSP_EpmTask_UserView","TaskActualStartDate","src.[TaskActualStartDate]"
"Tasks","Tasks","EN","22462",,"TaskActualWork","22462","False","MAPPED","pjrep","MSP_EpmTask_UserView","TaskActualWork","src.[TaskActualWork]"
"Tasks","Tasks","EN","22462",,"TaskACWP","22462","False","MAPPED","pjrep","MSP_EpmTask_UserView","TaskACWP","src.[TaskACWP]"
"Tasks","Tasks","EN","22462",,"TaskBCWP","22462","False","MAPPED","pjrep","MSP_EpmTask_UserView","TaskBCWP","src.[TaskBCWP]"
"Tasks","Tasks","EN","22462",,"TaskBCWS","22462","False","MAPPED","pjrep","MSP_EpmTask_UserView","TaskBCWS","src.[TaskBCWS]"
"Tasks","Tasks","EN","22462",,"TaskBudgetCost","22462","False","MAPPED","pjrep","MSP_EpmTask_UserView","TaskBudgetCost","src.[TaskBudgetCost]"
"Tasks","Tasks","EN","22462",,"TaskBudgetWork","22462","False","MAPPED","pjrep","MSP_EpmTask_UserView","TaskBudgetWork","src.[TaskBudgetWork]"
"Tasks","Tasks","EN","22462",,"TaskClientUniqueId","22462","False","MAPPED","pjrep","MSP_EpmTask_UserView","TaskClientUniqueId","src.[TaskClientUniqueId]"
"Tasks","Tasks","EN","22462",,"TaskCost","22462","False","MAPPED","pjrep","MSP_EpmTask_UserView","TaskCost","src.[TaskCost]"
"Tasks","Tasks","EN","22462",,"TaskCostVariance","22462","False","MAPPED","pjrep","MSP_EpmTask_UserView","TaskCostVariance","src.[TaskCostVariance]"
"Tasks","Tasks","EN","22462",,"TaskCPI","22462","False","MAPPED","pjrep","MSP_EpmTask_UserView","TaskCPI","src.[TaskCPI]"
"Tasks","Tasks","EN","22462",,"TaskCreatedDate","22462","False","MAPPED","pjrep","MSP_EpmTask_UserView","TaskCreatedDate","src.[TaskCreatedDate]"
"Tasks","Tasks","EN","22462",,"TaskCreatedRevisionCounter","22462","False","MAPPED","pjrep","MSP_EpmTask_UserView","TaskCreatedRevisionCounter","src.[TaskCreatedRevisionCounter]"
"Tasks","Tasks","EN","22462",,"TaskCV","22462","False","MAPPED","pjrep","MSP_EpmTask_UserView","TaskCV","src.[TaskCV]"
"Tasks","Tasks","EN","22462",,"TaskCVP","22462","False","MAPPED","pjrep","MSP_EpmTask_UserView","TaskCVP","src.[TaskCVP]"
"Tasks","Tasks","EN","22462",,"TaskDeadline","1","False","MAPPED","pjrep","MSP_EpmTask_UserView","TaskDeadline","src.[TaskDeadline]"
"Tasks","Tasks","EN","22462",,"TaskDeliverableFinishDate","0","True","MAPPED","pjrep","MSP_EpmTask_UserView","TaskDeliverableFinishDate","src.[TaskDeliverableFinishDate]"
"Tasks","Tasks","EN","22462",,"TaskDeliverableStartDate","0","True","MAPPED","pjrep","MSP_EpmTask_UserView","TaskDeliverableStartDate","src.[TaskDeliverableStartDate]"
"Tasks","Tasks","EN","22462",,"TaskDuration","22462","False","MAPPED","pjrep","MSP_EpmTask_UserView","TaskDuration","src.[TaskDuration]"
"Tasks","Tasks","EN","22462",,"TaskDurationIsEstimated","22462","False","MAPPED","pjrep","MSP_EpmTask_UserView","TaskDurationIsEstimated","src.[TaskDurationIsEstimated]"
"Tasks","Tasks","EN","22462",,"TaskDurationString","0","True","MAPPED","pjrep","MSP_EpmTask_UserView","TaskDurationString","src.[TaskDurationString]"
"Tasks","Tasks","EN","22462",,"TaskDurationVariance","22462","False","MAPPED","pjrep","MSP_EpmTask_UserView","TaskDurationVariance","src.[TaskDurationVariance]"
"Tasks","Tasks","EN","22462",,"TaskEAC","22462","False","MAPPED","pjrep","MSP_EpmTask_UserView","TaskEAC","src.[TaskEAC]"
"Tasks","Tasks","EN","22462",,"TaskEarlyFinish","22461","False","MAPPED","pjrep","MSP_EpmTask_UserView","TaskEarlyFinish","src.[TaskEarlyFinish]"
"Tasks","Tasks","EN","22462",,"TaskEarlyStart","22461","False","MAPPED","pjrep","MSP_EpmTask_UserView","TaskEarlyStart","src.[TaskEarlyStart]"
"Tasks","Tasks","EN","22462",,"TaskFinishDate","22461","False","MAPPED","pjrep","MSP_EpmTask_UserView","TaskFinishDate","src.[TaskFinishDate]"
"Tasks","Tasks","EN","22462",,"TaskFinishDateString","0","True","MAPPED","pjrep","MSP_EpmTask_UserView","TaskFinishDateString","src.[TaskFinishDateString]"
"Tasks","Tasks","EN","22462",,"TaskFinishVariance","22462","False","MAPPED","pjrep","MSP_EpmTask_UserView","TaskFinishVariance","src.[TaskFinishVariance]"
"Tasks","Tasks","EN","22462",,"TaskFixedCost","22462","False","MAPPED","pjrep","MSP_EpmTask_UserView","TaskFixedCost","src.[TaskFixedCost]"
"Tasks","Tasks","EN","22462",,"TaskFixedCostAssignmentId","22462","False","MAPPED","pjrep","MSP_EpmTask_UserView","FixedCostAssignmentUID","src.[FixedCostAssignmentUID]"
"Tasks","Tasks","EN","22462",,"TaskFreeSlack","22462","False","MAPPED","pjrep","MSP_EpmTask_UserView","TaskFreeSlack","src.[TaskFreeSlack]"
"Tasks","Tasks","EN","22462",,"TaskHyperLinkAddress","27","False","MAPPED","pjrep","MSP_EpmTask_UserView","TaskHyperLinkAddress","src.[TaskHyperLinkAddress]"
"Tasks","Tasks","EN","22462",,"TaskHyperLinkFriendlyName","27","False","MAPPED","pjrep","MSP_EpmTask_UserView","TaskHyperLinkFriendlyName","src.[TaskHyperLinkFriendlyName]"
"Tasks","Tasks","EN","22462",,"TaskHyperLinkSubAddress","0","True","MAPPED","pjrep","MSP_EpmTask_UserView","TaskHyperLinkSubAddress","src.[TaskHyperLinkSubAddress]"
"Tasks","Tasks","EN","22462",,"TaskIgnoresResourceCalendar","22462","False","MAPPED","pjrep","MSP_EpmTask_UserView","TaskIgnoresResourceCalendar","src.[TaskIgnoresResourceCalendar]"
"Tasks","Tasks","EN","22462",,"TaskIndex","22462","False","MAPPED","pjrep","MSP_EpmTask_UserView","TaskIndex","src.[TaskIndex]"
"Tasks","Tasks","EN","22462",,"TaskIsActive","22462","False","MAPPED","pjrep","MSP_EpmTask_UserView","TaskIsActive","src.[TaskIsActive]"
"Tasks","Tasks","EN","22462",,"TaskIsCritical","22462","False","MAPPED","pjrep","MSP_EpmTask_UserView","TaskIsCritical","src.[TaskIsCritical]"
"Tasks","Tasks","EN","22462",,"TaskIsEffortDriven","22462","False","MAPPED","pjrep","MSP_EpmTask_UserView","TaskIsEffortDriven","src.[TaskIsEffortDriven]"
"Tasks","Tasks","EN","22462",,"TaskIsExternal","22462","False","MAPPED","pjrep","MSP_EpmTask_UserView","TaskIsExternal","src.[TaskIsExternal]"
"Tasks","Tasks","EN","22462",,"TaskIsManuallyScheduled","22462","False","MAPPED","pjrep","MSP_EpmTask_UserView","TaskIsManuallyScheduled","src.[TaskIsManuallyScheduled]"
"Tasks","Tasks","EN","22462",,"TaskIsMarked","22462","False","MAPPED","pjrep","MSP_EpmTask_UserView","TaskIsMarked","src.[TaskIsMarked]"
"Tasks","Tasks","EN","22462",,"TaskIsMilestone","22462","False","MAPPED","pjrep","MSP_EpmTask_UserView","TaskIsMilestone","src.[TaskIsMilestone]"
"Tasks","Tasks","EN","22462",,"TaskIsOverallocated","22462","False","MAPPED","pjrep","MSP_EpmTask_UserView","TaskIsOverallocated","src.[TaskIsOverallocated]"
"Tasks","Tasks","EN","22462",,"TaskIsProjectSummary","22462","False","MAPPED","pjrep","MSP_EpmTask_UserView","TaskIsProjectSummary","src.[TaskIsProjectSummary]"
"Tasks","Tasks","EN","22462",,"TaskIsRecurring","22462","False","MAPPED","pjrep","MSP_EpmTask_UserView","TaskIsRecurring","src.[TaskIsRecurring]"
"Tasks","Tasks","EN","22462",,"TaskIsSummary","22462","False","MAPPED","pjrep","MSP_EpmTask_UserView","TaskIsSummary","src.[TaskIsSummary]"
"Tasks","Tasks","EN","22462",,"TaskLateFinish","22461","False","MAPPED","pjrep","MSP_EpmTask_UserView","TaskLateFinish","src.[TaskLateFinish]"
"Tasks","Tasks","EN","22462",,"TaskLateStart","22461","False","MAPPED","pjrep","MSP_EpmTask_UserView","TaskLateStart","src.[TaskLateStart]"
"Tasks","Tasks","EN","22462",,"TaskLevelingDelay","22462","False","MAPPED","pjrep","MSP_EpmTask_UserView","TaskLevelingDelay","src.[TaskLevelingDelay]"
"Tasks","Tasks","EN","22462",,"TaskModifiedDate","22462","False","MAPPED","pjrep","MSP_EpmTask_UserView","TaskModifiedDate","src.[TaskModifiedDate]"
"Tasks","Tasks","EN","22462",,"TaskModifiedRevisionCounter","22462","False","MAPPED","pjrep","MSP_EpmTask_UserView","TaskModifiedRevisionCounter","src.[TaskModifiedRevisionCounter]"
"Tasks","Tasks","EN","22462",,"TaskName","22462","False","MAPPED","pjrep","MSP_EpmTask_UserView","TaskName","src.[TaskName]"
"Tasks","Tasks","EN","22462",,"TaskOutlineLevel","22462","False","MAPPED","pjrep","MSP_EpmTask_UserView","TaskOutlineLevel","src.[TaskOutlineLevel]"
"Tasks","Tasks","EN","22462",,"TaskOutlineNumber","22462","False","MAPPED","pjrep","MSP_EpmTask_UserView","TaskOutlineNumber","src.[TaskOutlineNumber]"
"Tasks","Tasks","EN","22462",,"TaskOvertimeCost","22462","False","MAPPED","pjrep","MSP_EpmTask_UserView","TaskOvertimeCost","src.[TaskOvertimeCost]"
"Tasks","Tasks","EN","22462",,"TaskOvertimeWork","22462","False","MAPPED","pjrep","MSP_EpmTask_UserView","TaskOvertimeWork","src.[TaskOvertimeWork]"
"Tasks","Tasks","EN","22462",,"TaskPercentCompleted","22462","False","MAPPED","pjrep","MSP_EpmTask_UserView","TaskPercentCompleted","src.[TaskPercentCompleted]"
"Tasks","Tasks","EN","22462",,"TaskPercentWorkCompleted","22462","False","MAPPED","pjrep","MSP_EpmTask_UserView","TaskPercentWorkCompleted","src.[TaskPercentWorkCompleted]"
"Tasks","Tasks","EN","22462",,"TaskPhysicalPercentCompleted","22462","False","MAPPED","pjrep","MSP_EpmTask_UserView","TaskPhysicalPercentCompleted","src.[TaskPhysicalPercentCompleted]"
"Tasks","Tasks","EN","22462",,"TaskPriority","22462","False","MAPPED","pjrep","MSP_EpmTask_UserView","TaskPriority","src.[TaskPriority]"
"Tasks","Tasks","EN","22462",,"TaskRegularCost","22462","False","MAPPED","pjrep","MSP_EpmTask_UserView","TaskRegularCost","src.[TaskRegularCost]"
"Tasks","Tasks","EN","22462",,"TaskRegularWork","22462","False","MAPPED","pjrep","MSP_EpmTask_UserView","TaskRegularWork","src.[TaskRegularWork]"
"Tasks","Tasks","EN","22462",,"TaskRemainingCost","22462","False","MAPPED","pjrep","MSP_EpmTask_UserView","TaskRemainingCost","src.[TaskRemainingCost]"
"Tasks","Tasks","EN","22462",,"TaskRemainingDuration","22462","False","MAPPED","pjrep","MSP_EpmTask_UserView","TaskRemainingDuration","src.[TaskRemainingDuration]"
"Tasks","Tasks","EN","22462",,"TaskRemainingOvertimeCost","22462","False","MAPPED","pjrep","MSP_EpmTask_UserView","TaskRemainingOvertimeCost","src.[TaskRemainingOvertimeCost]"
"Tasks","Tasks","EN","22462",,"TaskRemainingOvertimeWork","22462","False","MAPPED","pjrep","MSP_EpmTask_UserView","TaskRemainingOvertimeWork","src.[TaskRemainingOvertimeWork]"
"Tasks","Tasks","EN","22462",,"TaskRemainingRegularCost","22462","False","MAPPED","pjrep","MSP_EpmTask_UserView","TaskRemainingRegularCost","src.[TaskRemainingRegularCost]"
"Tasks","Tasks","EN","22462",,"TaskRemainingRegularWork","22462","False","MAPPED","pjrep","MSP_EpmTask_UserView","TaskRemainingRegularWork","src.[TaskRemainingRegularWork]"
"Tasks","Tasks","EN","22462",,"TaskRemainingWork","22462","False","MAPPED","pjrep","MSP_EpmTask_UserView","TaskRemainingWork","src.[TaskRemainingWork]"
"Tasks","Tasks","EN","22462",,"TaskResourcePlanWork","22462","False","MAPPED","pjrep","MSP_EpmTask_UserView","TaskResourcePlanWork","src.[TaskResourcePlanWork]"
"Tasks","Tasks","EN","22462",,"TaskSPI","22462","False","MAPPED","pjrep","MSP_EpmTask_UserView","TaskSPI","src.[TaskSPI]"
"Tasks","Tasks","EN","22462",,"TaskStartDate","22461","False","MAPPED","pjrep","MSP_EpmTask_UserView","TaskStartDate","src.[TaskStartDate]"
"Tasks","Tasks","EN","22462",,"TaskStartDateString","0","True","MAPPED","pjrep","MSP_EpmTask_UserView","TaskStartDateString","src.[TaskStartDateString]"
"Tasks","Tasks","EN","22462",,"TaskStartVariance","22462","False","MAPPED","pjrep","MSP_EpmTask_UserView","TaskStartVariance","src.[TaskStartVariance]"
"Tasks","Tasks","EN","22462",,"TaskStatusManagerUID","22462","False","MAPPED","pjrep","MSP_EpmTask_UserView","TaskStatusManagerUID","src.[TaskStatusManagerUID]"
"Tasks","Tasks","EN","22462",,"TaskSV","22462","False","MAPPED","pjrep","MSP_EpmTask_UserView","TaskSV","src.[TaskSV]"
"Tasks","Tasks","EN","22462",,"TaskSVP","22462","False","MAPPED","pjrep","MSP_EpmTask_UserView","TaskSVP","src.[TaskSVP]"
"Tasks","Tasks","EN","22462",,"TaskTCPI","22462","False","MAPPED","pjrep","MSP_EpmTask_UserView","TaskTCPI","src.[TaskTCPI]"
"Tasks","Tasks","EN","22462",,"TaskTotalSlack","22462","False","MAPPED","pjrep","MSP_EpmTask_UserView","TaskTotalSlack","src.[TaskTotalSlack]"
"Tasks","Tasks","EN","22462",,"TaskVAC","22462","False","MAPPED","pjrep","MSP_EpmTask_UserView","TaskVAC","src.[TaskVAC]"
"Tasks","Tasks","EN","22462",,"TaskWBS","22461","False","MAPPED","pjrep","MSP_EpmTask_UserView","TaskWBS","src.[TaskWBS]"
"Tasks","Tasks","EN","22462",,"TaskWork","22462","False","MAPPED","pjrep","MSP_EpmTask_UserView","TaskWork","src.[TaskWork]"
"Tasks","Tasks","EN","22462",,"TaskWorkVariance","22462","False","MAPPED","pjrep","MSP_EpmTask_UserView","TaskWorkVariance","src.[TaskWorkVariance]"
"Tasks","Tasks","EN","22462",,"Sante","1152","False","MAPPED","pjrep","MSP_EpmTask_UserView","Sante","src.[Sante]"
"Tasks","Tasks","EN","22462",,"Étatdel’indicateur","22462","False","MAPPED","pjrep","MSP_EpmTask_UserView","État de l’indicateur","src.[État de l’indicateur]"
"Tasks","Tasks","EN","22462",,"Afficherrapport","936","False","MAPPED","pjrep","MSP_EpmTask_UserView","Afficher rapport","src.[Afficher rapport]"
"Tasks","Tasks","EN","22462",,"CodelivrableGID","0","True","MAPPED","pjrep","MSP_EpmTask_UserView","Code livrable GID","src.[Code livrable GID]"
"Tasks","Tasks","EN","22462",,"Commentaire_GPR","553","False","MAPPED","pjrep","MSP_EpmTask_UserView","Commentaire_GPR","src.[Commentaire_GPR]"
"Tasks","Tasks","EN","22462",,"DateapprouvéeDGEI","0","True","MAPPED","pjrep","MSP_EpmTask_UserView","Date approuvée DGEI","src.[Date approuvée DGEI]"
"Tasks","Tasks","EN","22462",,"DatedemandéeDGT","0","True","MAPPED","pjrep","MSP_EpmTask_UserView","Date demandée DGT","src.[Date demandée DGT]"
"Tasks","Tasks","EN","22462",,"Dateoccupation","0","True","MAPPED","pjrep","MSP_EpmTask_UserView","Date occupation","src.[Date occupation]"
"Tasks","Tasks","EN","22462",,"Indicateurtypetâche","21741","False","MAPPED","pjrep","MSP_EpmTask_UserView","LT_VALUE_TEXT","jITT_LTV.[LT_VALUE_TEXT]"
"Tasks","Tasks","EN","22462",,"Lots","22462","False","MAPPED","pjrep","MSP_EpmTask_UserView","Lots","src.[Lots]"
"Tasks","Tasks","EN","22462",,"NodedossierAGI","0","True","MAPPED","pjrep","MSP_EpmTask_UserView","No de dossier AGI","src.[No de dossier AGI]"
"Tasks","Tasks","EN","22462",,"Numerodelot","6","False","MAPPED","pjrep","MSP_EpmTask_UserView","Numero de lot","src.[Numero de lot]"
"Tasks","Tasks","EN","22462",,"Prisedepossessionlégale","0","True","MAPPED","pjrep","MSP_EpmTask_UserView","Prise de possession légale","src.[Prise de possession légale]"
"Tasks","Tasks","EN","22462",,"WBSGPR","18265","False","MAPPED","pjrep","MSP_EpmTask_UserView","WBS GPR","src.[WBS GPR]"
"Tasks","Tasks","EN","22462",,"DernierPCatteinttache","22461","False","MAPPED","pjrep","MSP_EpmTask_UserView","Dernier PC atteint tache","src.[Dernier PC atteint tache]"
"Tasks","Tasks","EN","22462",,"ÉcartPC0PC1","21643","False","MAPPED","pjrep","MSP_EpmTask_UserView","Écart PC0-PC1","src.[Écart PC0-PC1]"
"Tasks","Tasks","EN","22462",,"ÉcartPC0PC2","21659","False","MAPPED","pjrep","MSP_EpmTask_UserView","Écart PC0-PC2","src.[Écart PC0-PC2]"
"Tasks","Tasks","EN","22462",,"ÉcartPC0PC3","21552","False","MAPPED","pjrep","MSP_EpmTask_UserView","Écart PC0-PC3","src.[Écart PC0-PC3]"
"Tasks","Tasks","EN","22462",,"ÉcartPC0PC4","21738","False","MAPPED","pjrep","MSP_EpmTask_UserView","Écart PC0-PC4","src.[Écart PC0-PC4]"
"Tasks","Tasks","EN","22462",,"ÉcartPC0PC5","21893","False","MAPPED","pjrep","MSP_EpmTask_UserView","Écart PC0-PC5","src.[Écart PC0-PC5]"
"Tasks","Tasks","EN","22462",,"ÉcartPC0PC6","22460","False","MAPPED","pjrep","MSP_EpmTask_UserView","Écart PC0-PC6","src.[Écart PC0-PC6]"
"Tasks","Tasks","EN","22462",,"ÉcartPC0PC7","22461","False","MAPPED","pjrep","MSP_EpmTask_UserView","Écart PC0-PC7","src.[Écart PC0-PC7]"
"Tasks","Tasks","EN","22462",,"Nodedossier","28","False","MAPPED","pjrep","MSP_EpmTask_UserView","No de dossier","src.[No de dossier]"
"Tasks","Tasks","EN","22462",,"Servicespublics","0","True","MAPPED","pjrep","MSP_EpmTask_UserView","Services publics","src.[Services publics]"
"Tasks","Tasks","EN","22462",,"Statut","0","True","MAPPED","pjrep","MSP_EpmTask_UserView","Statut","src.[Statut]"
"Tasks","Tasks","EN","22462",,"Typeterrain","0","True","MAPPED","pjrep","MSP_EpmTask_UserView","Type terrain","src.[Type terrain]"
"Tasks","Tasks","EN","22462",,"Assignments","0","True","NAVIGATION","","","",""
"Tasks","Tasks","EN","22462",,"AssignmentsBaselines","0","True","NAVIGATION","","","",""
"Tasks","Tasks","EN","22462",,"AssignmentsBaselineTimephasedData","0","True","NAVIGATION","","","",""
"Tasks","Tasks","EN","22462",,"Baselines","0","True","NAVIGATION","","","",""
"Tasks","Tasks","EN","22462",,"BaselinesTimephasedDataSet","0","True","NAVIGATION","","","",""
"Tasks","Tasks","EN","22462",,"Issues","0","True","NAVIGATION","","","",""
"Tasks","Tasks","EN","22462",,"Project","0","True","NAVIGATION","","","",""
"Tasks","Tasks","EN","22462",,"Risks","0","True","NAVIGATION","","","",""
"Tasks","Tasks","EN","22462",,"TimephasedInfo","0","True","NAVIGATION","","","",""
"Tasks","Tâches","FR","22462",,"IdProjet","22462","False","MAPPED","pjrep","MSP_EpmTask_UserView","ProjectUID","src.[ProjectUID]"
"Tasks","Tâches","FR","22462",,"IdTâche","22462","False","MAPPED","pjrep","MSP_EpmTask_UserView","TaskUID","src.[TaskUID]"
"Tasks","Tâches","FR","22462",,"IdTâcheParente","22462","False","MAPPED","pjrep","MSP_EpmTask_UserView","TaskParentUID","src.[TaskParentUID]"
"Tasks","Tâches","FR","22462",,"NomTâcheParente","22462","False","MAPPED","pjrep","MSP_EpmTask_UserView","TaskName","jParent.[TaskName]"
"Tasks","Tâches","FR","22462",,"NomProjet","22462","False","MAPPED","pjrep","MSP_WssIssueTaskAssociation_UserView","ProjectName","jProject.[ProjectName]"
"Tasks","Tâches","FR","22462",,"CoûtRéelTâche","22462","False","MAPPED","pjrep","MSP_EpmTask_UserView","TaskActualCost","src.[TaskActualCost]"
"Tasks","Tâches","FR","22462",,"DuréeRéelleTâche","22462","False","MAPPED","pjrep","MSP_EpmTask_UserView","TaskActualDuration","src.[TaskActualDuration]"
"Tasks","Tâches","FR","22462",,"DateFinRéelleTâche","4157","False","MAPPED","pjrep","MSP_EpmTask_UserView","TaskActualFinishDate","src.[TaskActualFinishDate]"
"Tasks","Tâches","FR","22462",,"CoûtFixeRéelTâche","22462","False","MAPPED","pjrep","MSP_EpmTask_UserView","TaskActualFixedCost","src.[TaskActualFixedCost]"
"Tasks","Tâches","FR","22462",,"CoûtHeuresSupplémentairesRéelTâche","22462","False","MAPPED","pjrep","MSP_EpmTask_UserView","TaskActualOvertimeCost","src.[TaskActualOvertimeCost]"
"Tasks","Tâches","FR","22462",,"TravailHeuresSupplémentairesRéellesTâche","22462","False","MAPPED","pjrep","MSP_EpmTask_UserView","TaskActualOvertimeWork","src.[TaskActualOvertimeWork]"
"Tasks","Tâches","FR","22462",,"CoûtNormalRéelTâche","22462","False","MAPPED","pjrep","MSP_EpmTask_UserView","TaskActualRegularCost","src.[TaskActualRegularCost]"
"Tasks","Tâches","FR","22462",,"TravailNormalRéelTâche","22462","False","MAPPED","pjrep","MSP_EpmTask_UserView","TaskActualRegularWork","src.[TaskActualRegularWork]"
"Tasks","Tâches","FR","22462",,"DateDébutRéelleTâche","4821","False","MAPPED","pjrep","MSP_EpmTask_UserView","TaskActualStartDate","src.[TaskActualStartDate]"
"Tasks","Tâches","FR","22462",,"TravailRéelTâche","22462","False","MAPPED","pjrep","MSP_EpmTask_UserView","TaskActualWork","src.[TaskActualWork]"
"Tasks","Tâches","FR","22462",,"CRTETâche","22462","False","MAPPED","pjrep","MSP_EpmTask_UserView","TaskACWP","src.[TaskACWP]"
"Tasks","Tâches","FR","22462",,"VATâche","22462","False","MAPPED","pjrep","MSP_EpmTask_UserView","TaskBCWP","src.[TaskBCWP]"
"Tasks","Tâches","FR","22462",,"VPTâche","22462","False","MAPPED","pjrep","MSP_EpmTask_UserView","TaskBCWS","src.[TaskBCWS]"
"Tasks","Tâches","FR","22462",,"CoûtBudgétaireTâche","22462","False","MAPPED","pjrep","MSP_EpmTask_UserView","TaskBudgetCost","src.[TaskBudgetCost]"
"Tasks","Tâches","FR","22462",,"TravailBudgétaireTâche","22462","False","MAPPED","pjrep","MSP_EpmTask_UserView","TaskBudgetWork","src.[TaskBudgetWork]"
"Tasks","Tâches","FR","22462",,"IDUniqueClientTâche","22462","False","MAPPED","pjrep","MSP_EpmTask_UserView","TaskClientUniqueId","src.[TaskClientUniqueId]"
"Tasks","Tâches","FR","22462",,"CoûtTâche","22462","False","MAPPED","pjrep","MSP_EpmTask_UserView","TaskCost","src.[TaskCost]"
"Tasks","Tâches","FR","22462",,"VariationCoûtTâche","22462","False","MAPPED","pjrep","MSP_EpmTask_UserView","TaskCostVariance","src.[TaskCostVariance]"
"Tasks","Tâches","FR","22462",,"IPCTâche","22462","False","MAPPED","pjrep","MSP_EpmTask_UserView","TaskCPI","src.[TaskCPI]"
"Tasks","Tâches","FR","22462",,"DateCréationTâche","22462","False","MAPPED","pjrep","MSP_EpmTask_UserView","TaskCreatedDate","src.[TaskCreatedDate]"
"Tasks","Tâches","FR","22462",,"NombreRévisionsCrééesTâche","22462","False","MAPPED","pjrep","MSP_EpmTask_UserView","TaskCreatedRevisionCounter","src.[TaskCreatedRevisionCounter]"
"Tasks","Tâches","FR","22462",,"VCTâche","22462","False","MAPPED","pjrep","MSP_EpmTask_UserView","TaskCV","src.[TaskCV]"
"Tasks","Tâches","FR","22462",,"PVCTâche","22462","False","MAPPED","pjrep","MSP_EpmTask_UserView","TaskCVP","src.[TaskCVP]"
"Tasks","Tâches","FR","22462",,"ÉchéanceTâche","1","False","MAPPED","pjrep","MSP_EpmTask_UserView","TaskDeadline","src.[TaskDeadline]"
"Tasks","Tâches","FR","22462",,"DateFinLivrableTâche","0","True","MAPPED","pjrep","MSP_EpmTask_UserView","TaskDeliverableFinishDate","src.[TaskDeliverableFinishDate]"
"Tasks","Tâches","FR","22462",,"DateDébutLivrableTâche","0","True","MAPPED","pjrep","MSP_EpmTask_UserView","TaskDeliverableStartDate","src.[TaskDeliverableStartDate]"
"Tasks","Tâches","FR","22462",,"DuréeTâche","22462","False","MAPPED","pjrep","MSP_EpmTask_UserView","TaskDuration","src.[TaskDuration]"
"Tasks","Tâches","FR","22462",,"DuréeEstiméeTâche","22462","False","MAPPED","pjrep","MSP_EpmTask_UserView","TaskDurationIsEstimated","src.[TaskDurationIsEstimated]"
"Tasks","Tâches","FR","22462",,"ChaîneDuréeTâche","0","True","MAPPED","pjrep","MSP_EpmTask_UserView","TaskDurationString","src.[TaskDurationString]"
"Tasks","Tâches","FR","22462",,"VariationDuréeTâche","22462","False","MAPPED","pjrep","MSP_EpmTask_UserView","TaskDurationVariance","src.[TaskDurationVariance]"
"Tasks","Tâches","FR","22462",,"EAATâche","22462","False","MAPPED","pjrep","MSP_EpmTask_UserView","TaskEAC","src.[TaskEAC]"
"Tasks","Tâches","FR","22462",,"FinAuPlusTôtTâche","22461","False","MAPPED","pjrep","MSP_EpmTask_UserView","TaskEarlyFinish","src.[TaskEarlyFinish]"
"Tasks","Tâches","FR","22462",,"DébutAuPlusTôtTâche","22461","False","MAPPED","pjrep","MSP_EpmTask_UserView","TaskEarlyStart","src.[TaskEarlyStart]"
"Tasks","Tâches","FR","22462",,"DateFinTâche","22461","False","MAPPED","pjrep","MSP_EpmTask_UserView","TaskFinishDate","src.[TaskFinishDate]"
"Tasks","Tâches","FR","22462",,"ChaîneDateFinTâche","0","True","MAPPED","pjrep","MSP_EpmTask_UserView","TaskFinishDateString","src.[TaskFinishDateString]"
"Tasks","Tâches","FR","22462",,"VariationFinTâche","22462","False","MAPPED","pjrep","MSP_EpmTask_UserView","TaskFinishVariance","src.[TaskFinishVariance]"
"Tasks","Tâches","FR","22462",,"CoûtFixeTâche","22462","False","MAPPED","pjrep","MSP_EpmTask_UserView","TaskFixedCost","src.[TaskFixedCost]"
"Tasks","Tâches","FR","22462",,"IdAffectationCoûtFixeTâche","22462","False","MAPPED","pjrep","MSP_EpmTask_UserView","FixedCostAssignmentUID","src.[FixedCostAssignmentUID]"
"Tasks","Tâches","FR","22462",,"MargeLibreTâche","22462","False","MAPPED","pjrep","MSP_EpmTask_UserView","TaskFreeSlack","src.[TaskFreeSlack]"
"Tasks","Tâches","FR","22462",,"AdresseLienHypertexteTâche","27","False","MAPPED","pjrep","MSP_EpmTask_UserView","TaskHyperLinkAddress","src.[TaskHyperLinkAddress]"
"Tasks","Tâches","FR","22462",,"LienHypertexteNomConvivialTâche","27","False","MAPPED","pjrep","MSP_EpmTask_UserView","TaskHyperLinkFriendlyName","src.[TaskHyperLinkFriendlyName]"
"Tasks","Tâches","FR","22462",,"SousAdresseLienHypertexteTâche","0","True","MAPPED","pjrep","MSP_EpmTask_UserView","TaskHyperLinkSubAddress","src.[TaskHyperLinkSubAddress]"
"Tasks","Tâches","FR","22462",,"TâcheIgnoreCalendrierRessources","22462","False","MAPPED","pjrep","MSP_EpmTask_UserView","TaskIgnoresResourceCalendar","src.[TaskIgnoresResourceCalendar]"
"Tasks","Tâches","FR","22462",,"IndexTâche","22462","False","MAPPED","pjrep","MSP_EpmTask_UserView","TaskIndex","src.[TaskIndex]"
"Tasks","Tâches","FR","22462",,"TâcheEstActive","22462","False","MAPPED","pjrep","MSP_EpmTask_UserView","TaskIsActive","src.[TaskIsActive]"
"Tasks","Tâches","FR","22462",,"TâcheEstCritique","22462","False","MAPPED","pjrep","MSP_EpmTask_UserView","TaskIsCritical","src.[TaskIsCritical]"
"Tasks","Tâches","FR","22462",,"TâchePilotéeParEffort","22462","False","MAPPED","pjrep","MSP_EpmTask_UserView","TaskIsEffortDriven","src.[TaskIsEffortDriven]"
"Tasks","Tâches","FR","22462",,"TâcheExterne","22462","False","MAPPED","pjrep","MSP_EpmTask_UserView","TaskIsExternal","src.[TaskIsExternal]"
"Tasks","Tâches","FR","22462",,"TâchePlanifiéeManuellement","22462","False","MAPPED","pjrep","MSP_EpmTask_UserView","TaskIsManuallyScheduled","src.[TaskIsManuallyScheduled]"
"Tasks","Tâches","FR","22462",,"TâcheEstMarquée","22462","False","MAPPED","pjrep","MSP_EpmTask_UserView","TaskIsMarked","src.[TaskIsMarked]"
"Tasks","Tâches","FR","22462",,"TâcheEstUnJalon","22462","False","MAPPED","pjrep","MSP_EpmTask_UserView","TaskIsMilestone","src.[TaskIsMilestone]"
"Tasks","Tâches","FR","22462",,"TâcheEstEnSurutilisation","22462","False","MAPPED","pjrep","MSP_EpmTask_UserView","TaskIsOverallocated","src.[TaskIsOverallocated]"
"Tasks","Tâches","FR","22462",,"TâcheRécapitulativeProjet","22462","False","MAPPED","pjrep","MSP_EpmTask_UserView","TaskIsProjectSummary","src.[TaskIsProjectSummary]"
"Tasks","Tâches","FR","22462",,"TâcheRécurrente","22462","False","MAPPED","pjrep","MSP_EpmTask_UserView","TaskIsRecurring","src.[TaskIsRecurring]"
"Tasks","Tâches","FR","22462",,"TâcheRécapitulative","22462","False","MAPPED","pjrep","MSP_EpmTask_UserView","TaskIsSummary","src.[TaskIsSummary]"
"Tasks","Tâches","FR","22462",,"FinAuPlusTardTâche","22461","False","MAPPED","pjrep","MSP_EpmTask_UserView","TaskLateFinish","src.[TaskLateFinish]"
"Tasks","Tâches","FR","22462",,"DébutAuPlusTardTâche","22461","False","MAPPED","pjrep","MSP_EpmTask_UserView","TaskLateStart","src.[TaskLateStart]"
"Tasks","Tâches","FR","22462",,"RetardNivellementTâche","22462","False","MAPPED","pjrep","MSP_EpmTask_UserView","TaskLevelingDelay","src.[TaskLevelingDelay]"
"Tasks","Tâches","FR","22462",,"DateModificationTâche","22462","False","MAPPED","pjrep","MSP_EpmTask_UserView","TaskModifiedDate","src.[TaskModifiedDate]"
"Tasks","Tâches","FR","22462",,"NombreRévisionsModifiéesTâche","22462","False","MAPPED","pjrep","MSP_EpmTask_UserView","TaskModifiedRevisionCounter","src.[TaskModifiedRevisionCounter]"
"Tasks","Tâches","FR","22462",,"NomTâche","22462","False","MAPPED","pjrep","MSP_EpmTask_UserView","TaskName","src.[TaskName]"
"Tasks","Tâches","FR","22462",,"NiveauHiérarchiqueTâche","22462","False","MAPPED","pjrep","MSP_EpmTask_UserView","TaskOutlineLevel","src.[TaskOutlineLevel]"
"Tasks","Tâches","FR","22462",,"NuméroHiérarchiqueTâche","22462","False","MAPPED","pjrep","MSP_EpmTask_UserView","TaskOutlineNumber","src.[TaskOutlineNumber]"
"Tasks","Tâches","FR","22462",,"CoûtHeuresSupplémentairesTâche","22462","False","MAPPED","pjrep","MSP_EpmTask_UserView","TaskOvertimeCost","src.[TaskOvertimeCost]"
"Tasks","Tâches","FR","22462",,"TravailHeuresSupplémentairesTâche","22462","False","MAPPED","pjrep","MSP_EpmTask_UserView","TaskOvertimeWork","src.[TaskOvertimeWork]"
"Tasks","Tâches","FR","22462",,"PourcentageAchevéTâche","22462","False","MAPPED","pjrep","MSP_EpmTask_UserView","TaskPercentCompleted","src.[TaskPercentCompleted]"
"Tasks","Tâches","FR","22462",,"PourcentageTravailAchevéTâche","22462","False","MAPPED","pjrep","MSP_EpmTask_UserView","TaskPercentWorkCompleted","src.[TaskPercentWorkCompleted]"
"Tasks","Tâches","FR","22462",,"PourcentagePhysiqueAchevéTâche","22462","False","MAPPED","pjrep","MSP_EpmTask_UserView","TaskPhysicalPercentCompleted","src.[TaskPhysicalPercentCompleted]"
"Tasks","Tâches","FR","22462",,"PrioritéTâche","22462","False","MAPPED","pjrep","MSP_EpmTask_UserView","TaskPriority","src.[TaskPriority]"
"Tasks","Tâches","FR","22462",,"CoûtNormalTâche","22462","False","MAPPED","pjrep","MSP_EpmTask_UserView","TaskRegularCost","src.[TaskRegularCost]"
"Tasks","Tâches","FR","22462",,"TravailNormalTâche","22462","False","MAPPED","pjrep","MSP_EpmTask_UserView","TaskRegularWork","src.[TaskRegularWork]"
"Tasks","Tâches","FR","22462",,"CoûtRestantTâche","22462","False","MAPPED","pjrep","MSP_EpmTask_UserView","TaskRemainingCost","src.[TaskRemainingCost]"
"Tasks","Tâches","FR","22462",,"DuréeRestanteTâche","22462","False","MAPPED","pjrep","MSP_EpmTask_UserView","TaskRemainingDuration","src.[TaskRemainingDuration]"
"Tasks","Tâches","FR","22462",,"CoûtHeuresSupplémentairesRestantesTâche","22462","False","MAPPED","pjrep","MSP_EpmTask_UserView","TaskRemainingOvertimeCost","src.[TaskRemainingOvertimeCost]"
"Tasks","Tâches","FR","22462",,"TravailHeuresSupplémentairesRestantesTâche","22462","False","MAPPED","pjrep","MSP_EpmTask_UserView","TaskRemainingOvertimeWork","src.[TaskRemainingOvertimeWork]"
"Tasks","Tâches","FR","22462",,"CoûtNormalRestantTâche","22462","False","MAPPED","pjrep","MSP_EpmTask_UserView","TaskRemainingRegularCost","src.[TaskRemainingRegularCost]"
"Tasks","Tâches","FR","22462",,"TravailNormalRestantTâche","22462","False","MAPPED","pjrep","MSP_EpmTask_UserView","TaskRemainingRegularWork","src.[TaskRemainingRegularWork]"
"Tasks","Tâches","FR","22462",,"TravailRestantTâche","22462","False","MAPPED","pjrep","MSP_EpmTask_UserView","TaskRemainingWork","src.[TaskRemainingWork]"
"Tasks","Tâches","FR","22462",,"TravailPlanRessourcesTâche","22462","False","MAPPED","pjrep","MSP_EpmTask_UserView","TaskResourcePlanWork","src.[TaskResourcePlanWork]"
"Tasks","Tâches","FR","22462",,"SPITâche","22462","False","MAPPED","pjrep","MSP_EpmTask_UserView","TaskSPI","src.[TaskSPI]"
"Tasks","Tâches","FR","22462",,"DateDébutTâche","22461","False","MAPPED","pjrep","MSP_EpmTask_UserView","TaskStartDate","src.[TaskStartDate]"
"Tasks","Tâches","FR","22462",,"ChaîneDateDébutTâche","0","True","MAPPED","pjrep","MSP_EpmTask_UserView","TaskStartDateString","src.[TaskStartDateString]"
"Tasks","Tâches","FR","22462",,"VariationDébutTâche","22462","False","MAPPED","pjrep","MSP_EpmTask_UserView","TaskStartVariance","src.[TaskStartVariance]"
"Tasks","Tâches","FR","22462",,"UIDGestionnaireÉtatTâche","22462","False","MAPPED","pjrep","MSP_EpmTask_UserView","TaskStatusManagerUID","src.[TaskStatusManagerUID]"
"Tasks","Tâches","FR","22462",,"VSTâche","22462","False","MAPPED","pjrep","MSP_EpmTask_UserView","TaskSV","src.[TaskSV]"
"Tasks","Tâches","FR","22462",,"PVPTâche","22462","False","MAPPED","pjrep","MSP_EpmTask_UserView","TaskSVP","src.[TaskSVP]"
"Tasks","Tâches","FR","22462",,"TCPITâche","22462","False","MAPPED","pjrep","MSP_EpmTask_UserView","TaskTCPI","src.[TaskTCPI]"
"Tasks","Tâches","FR","22462",,"MargeTotaleTâche","22462","False","MAPPED","pjrep","MSP_EpmTask_UserView","TaskTotalSlack","src.[TaskTotalSlack]"
"Tasks","Tâches","FR","22462",,"VAATâche","22462","False","MAPPED","pjrep","MSP_EpmTask_UserView","TaskVAC","src.[TaskVAC]"
"Tasks","Tâches","FR","22462",,"WBSTâche","22461","False","MAPPED","pjrep","MSP_EpmTask_UserView","TaskWBS","src.[TaskWBS]"
"Tasks","Tâches","FR","22462",,"TravailTâche","22462","False","MAPPED","pjrep","MSP_EpmTask_UserView","TaskWork","src.[TaskWork]"
"Tasks","Tâches","FR","22462",,"VariationTravailTâche","22462","False","MAPPED","pjrep","MSP_EpmTask_UserView","TaskWorkVariance","src.[TaskWorkVariance]"
"Tasks","Tâches","FR","22462",,"Sante","1152","False","MAPPED","pjrep","MSP_EpmTask_UserView","Sante","src.[Sante]"
"Tasks","Tâches","FR","22462",,"Étatdel’indicateur","22462","False","MAPPED","pjrep","MSP_EpmTask_UserView","État de l’indicateur","src.[État de l’indicateur]"
"Tasks","Tâches","FR","22462",,"Afficherrapport","936","False","MAPPED","pjrep","MSP_EpmTask_UserView","Afficher rapport","src.[Afficher rapport]"
"Tasks","Tâches","FR","22462",,"CodelivrableGID","0","True","MAPPED","pjrep","MSP_EpmTask_UserView","Code livrable GID","src.[Code livrable GID]"
"Tasks","Tâches","FR","22462",,"Commentaire_GPR","553","False","MAPPED","pjrep","MSP_EpmTask_UserView","Commentaire_GPR","src.[Commentaire_GPR]"
"Tasks","Tâches","FR","22462",,"DateapprouvéeDGEI","0","True","MAPPED","pjrep","MSP_EpmTask_UserView","Date approuvée DGEI","src.[Date approuvée DGEI]"
"Tasks","Tâches","FR","22462",,"DatedemandéeDGT","0","True","MAPPED","pjrep","MSP_EpmTask_UserView","Date demandée DGT","src.[Date demandée DGT]"
"Tasks","Tâches","FR","22462",,"Dateoccupation","0","True","MAPPED","pjrep","MSP_EpmTask_UserView","Date occupation","src.[Date occupation]"
"Tasks","Tâches","FR","22462",,"Indicateurtypetâche","21741","False","MAPPED","pjrep","MSP_EpmTask_UserView","LT_VALUE_TEXT","jITT_LTV.[LT_VALUE_TEXT]"
"Tasks","Tâches","FR","22462",,"Lots","22462","False","MAPPED","pjrep","MSP_EpmTask_UserView","Lots","src.[Lots]"
"Tasks","Tâches","FR","22462",,"NodedossierAGI","0","True","MAPPED","pjrep","MSP_EpmTask_UserView","No de dossier AGI","src.[No de dossier AGI]"
"Tasks","Tâches","FR","22462",,"Numerodelot","6","False","MAPPED","pjrep","MSP_EpmTask_UserView","Numero de lot","src.[Numero de lot]"
"Tasks","Tâches","FR","22462",,"Prisedepossessionlégale","0","True","MAPPED","pjrep","MSP_EpmTask_UserView","Prise de possession légale","src.[Prise de possession légale]"
"Tasks","Tâches","FR","22462",,"WBSGPR","18265","False","MAPPED","pjrep","MSP_EpmTask_UserView","WBS GPR","src.[WBS GPR]"
"Tasks","Tâches","FR","22462",,"DernierPCatteinttache","22461","False","MAPPED","pjrep","MSP_EpmTask_UserView","Dernier PC atteint tache","src.[Dernier PC atteint tache]"
"Tasks","Tâches","FR","22462",,"ÉcartPC0PC1","21643","False","MAPPED","pjrep","MSP_EpmTask_UserView","Écart PC0-PC1","src.[Écart PC0-PC1]"
"Tasks","Tâches","FR","22462",,"ÉcartPC0PC2","21659","False","MAPPED","pjrep","MSP_EpmTask_UserView","Écart PC0-PC2","src.[Écart PC0-PC2]"
"Tasks","Tâches","FR","22462",,"ÉcartPC0PC3","21552","False","MAPPED","pjrep","MSP_EpmTask_UserView","Écart PC0-PC3","src.[Écart PC0-PC3]"
"Tasks","Tâches","FR","22462",,"ÉcartPC0PC4","21738","False","MAPPED","pjrep","MSP_EpmTask_UserView","Écart PC0-PC4","src.[Écart PC0-PC4]"
"Tasks","Tâches","FR","22462",,"ÉcartPC0PC5","21893","False","MAPPED","pjrep","MSP_EpmTask_UserView","Écart PC0-PC5","src.[Écart PC0-PC5]"
"Tasks","Tâches","FR","22462",,"ÉcartPC0PC6","22460","False","MAPPED","pjrep","MSP_EpmTask_UserView","Écart PC0-PC6","src.[Écart PC0-PC6]"
"Tasks","Tâches","FR","22462",,"ÉcartPC0PC7","22461","False","MAPPED","pjrep","MSP_EpmTask_UserView","Écart PC0-PC7","src.[Écart PC0-PC7]"
"Tasks","Tâches","FR","22462",,"Nodedossier","28","False","MAPPED","pjrep","MSP_EpmTask_UserView","No de dossier","src.[No de dossier]"
"Tasks","Tâches","FR","22462",,"Servicespublics","0","True","MAPPED","pjrep","MSP_EpmTask_UserView","Services publics","src.[Services publics]"
"Tasks","Tâches","FR","22462",,"Statut","0","True","MAPPED","pjrep","MSP_EpmTask_UserView","Statut","src.[Statut]"
"Tasks","Tâches","FR","22462",,"Typeterrain","0","True","MAPPED","pjrep","MSP_EpmTask_UserView","Type terrain","src.[Type terrain]"
"Tasks","Tâches","FR","22462",,"Affectations","0","True","NAVIGATION","","","",""
"Tasks","Tâches","FR","22462",,"PlanningsDeRéférenceAffectations","0","True","NAVIGATION","","","",""
"Tasks","Tâches","FR","22462",,"DonnéesChronologiquesRéférenceAffectations","0","True","NAVIGATION","","","",""
"Tasks","Tâches","FR","22462",,"PlanningsDeRéférence","0","True","NAVIGATION","","","",""
"Tasks","Tâches","FR","22462",,"JeuDonnéesChronologiquesPlanningsDeRéférence","0","True","NAVIGATION","","","",""
"Tasks","Tâches","FR","22462",,"Problèmes","0","True","NAVIGATION","","","",""
"Tasks","Tâches","FR","22462",,"Projet","0","True","NAVIGATION","","","",""
"Tasks","Tâches","FR","22462",,"Risques","0","True","NAVIGATION","","","",""
"Tasks","Tâches","FR","22462",,"InfosChronologiques","0","True","NAVIGATION","","","",""
